Workbook
Name _1_0CUADRO_N__4.: [1]Afiliados!#REF!
Name _2_0GRÁFICO_N_10.2: [1]Afiliados!#REF!
Name _COL1: #REF!
Name _COL2: #REF!
Name _COL3: #REF!
Name _COL4: #REF!
Name _COL5: #REF!
Name _COL6: #REF!
Name _COL7: #REF!
Name _COL8: #REF!
Name _COL9: #REF!
Name A: #REF!
Name A_impresión_IM: #REF!
Name adf: '[3]dep pre'!#REF!
Name af: '[4]sist. financiero_san Luis'!#REF!
Name AMPO5: "Gráfico 8"
Name asd: '[5]graf 1'!$A$3:$C$28
Name asdf: '[3]dep pre'!#REF!
Name Base_datos_IM: '[4]sist. financiero_san Luis'!#REF!
Name BORRA_CUADROS: [7]!BORRA_CUADROS
Name cacho: [8]GRAFPROM!#REF!
Name carajo: #REF!
Name Cobertura_del_Plan_Jefes_as_de_Hogar__por_municipio___Junio_2002: #REF!
Name Criterios_IM: '[4]sist. financiero_san Luis'!#REF!
Name CUADRO_10.3.1: '[9]fondo promedio'!$A$36:$L$74
Name CUADRO_N__4.1.3: #REF!
Name culo: '[5]graf 1'!$A$1:$IV$2
Name datos: #REF!
Name dobleclick: #REF!
Name Extracción_IM: '[2]dep pre'!#REF!
Name FECHA: #REF!
Name feo: #REF!
Name GRÁFICO_10.3.1.: '[9]GRÁFICO DE FONDO POR AFILIADO'!$A$3:$H$35
Name GRÁFICO_10.3.2: '[9]GRÁFICO DE FONDO POR AFILIADO'!$A$36:$H$68
Name GRÁFICO_10.3.3: '[9]GRÁFICO DE FONDO POR AFILIADO'!$A$69:$H$101
Name GRÁFICO_10.3.4.: '[9]GRÁFICO DE FONDO POR AFILIADO'!$A$103:$H$135
Name GRÁFICO_N_10.2.4.: #REF!
Name hp9pk: '[4]sist. financiero_san Luis'!#REF!
Name iupg: '[3]dep pre'!#REF!
Name MUJERES: [10]Mujeres!$B$77:$V$109
Name npppppnj: '[3]dep pre'!#REF!
Name PIJIS: #REF!
Name Print_Area_MI: #REF!
Name PRINT_TITLES_MI: #REF!
Name promgraf: [8]GRAFPROM!#REF!
Name puto: #REF!
Name SOPA: #REF!
Name sopapita: #REF!
Name Títulos_a_imprimir_IM: #REF!
Name TRANSFERENCIA: [7]!TRANSFERENCIA
Name v: #REF!
Name VARONES: [10]Varones!$B$77:$V$109
Name YO: [8]GRAFPROM!#REF!

Sheet Empleo Población
A1: Mercado de trabajo - EPH
A2: Población ocupada según sexo, grupos de edad, posición en el hogar, nivel educativo, categoría ocupacional, rama de actividad, tamaño del establecimiento, calificación de la tarea, horas trabajadas y quintil de ingreso per cápita familiar
A3: Total aglomerados relevados (en miles de personas)
B4: 3° Trim 03 | C4: 4° Trim 03 | D4: 1° Trim 04 | E4: 2° Trim 04 | F4: 3° Trim 04 | G4: 4° Trim 04 | H4: 1° Trim 05 | I4: 2° Trim 05 | J4: 3° Trim 05 | K4: 4° Trim 05 | L4: 1° Trim 06 | M4: 2° Trim 06 | N4: 3° Trim 06 | O4: 4° Trim 06 | P4: 1° Trim 07 | Q4: 2° Trim 07 1 | R4: 3° Trim 07 1 2 | S4: 4° Trim 07 1 | T4: 1° Trim 08 1 | U4: 2° Trim 08 1 | V4: 3° Trim 08 1 | W4: 4° Trim 08 1 | X4: 1° Trim 09 1 | Y4: 2° Trim 09 1 | Z4: 3° Trim 09 1 | AA4: 4° Trim 09 1 | AB4: 1° Trim 10 1 | AC4: 2° Trim 10 1 | AD4: 3° Trim 10 1 | AE4: 4° Trim 10 1 | AF4: 1° Trim 11 1 | AG4: 2° Trim 11 1 | AH4: 3° Trim 11 1 | AI4: 4° Trim 11 1 | AJ4: 1° Trim 12 1 | AK4: 2° Trim 12 1 | AL4: 3° Trim 12 1 | AM4: 4° Trim 12 1 | AN4: 1° Trim 13 1 | AO4: 2° Trim 13 1 | AP4: 3° Trim 13 1 | AQ4: 4° Trim 13 1 | AR4: 1° Trim 14 13 | AS4: 2° Trim 14 1 | AT4: 3° Trim 14 1 | AU4: 4° Trim 14 1 | AV4: 1° Trim 15 1 | AW4: 2° Trim 15 1 | AX4: 3° Trim 15 1 4 | AY4: 4° Trim 15 1 4 | AZ4: 1° Trim 16 4 | BA4: 2° Trim 16 | BB4: 3° Trim 16 | BC4: 4° Trim 16 | BD4: 1° Trim 17 | BE4: 2° Trim 17 | BF4: 3° Trim 17 | BG4: 4° Trim 17 | BH4: 1° Trim 18 | BI4: 2° Trim 18 | BJ4: 3° Trim 18 | BK4: 4° Trim 18 | BL4: 1° Trim 19 | BM4: 2° Trim 19 | BN4: 3° Trim 19 | BO4: 4° Trim 19 | BP4: 1° Trim 20 | BQ4: 2° Trim 20 | BR4: 3° Trim 20 | BS4: 4° Trim 20
A5: Total | B5: 9023.3103 | C5: 9250.3634 | D5: 9258.5241 | E5: 9365.311 | F5: 9556.035 | G5: 9670.535 | H5: 9520.224 | I5: 9636.5742 | J5: 9911.3403 | K5: 10014.904 | L5: 9900.267 | M5: 10158.198 | N5: 10160.374 | O5: 10297.908 | P5: 10242.187 | Q5: 10387.811 | R5: … | S5: 10374.442 | T5: 10364.329 | U5: 10438 | V5: 10426.222 | W5: 10668.664 | X5: 10648.121 | Y5: 10591.756 | Z5: 10526.053 | AA5: 10690.039 | AB5: 10684.617 | AC5: 10770.537 | AD5: 10809.292 | AE5: 10827.061 | AF5: 10838.575 | AG5: 11096.689 | AH5: 11171.289 | AI5: 11105.987 | AJ5: 10960.882 | AK5: 11137.764 | AL5: 11285.731 | AM5: 11269.876 | AN5: 11074.706 | AO5: 11336.763 | AP5: 11330.52 | AQ5: 11304.58 | AR5: 11095.742 | AS5: 11010.906 | AT5: 11022.403 | AU5: 11252.957 | AV5: 11102.217 | AW5: 11151.034 | AX5: … | AY5: … | AZ5: … | BA5: 11472.399 | BB5: 11614.218 | BC5: 11596.75 | BD5: 11460.822 | BE5: 11511.048 | BF5: 11810.801 | BG5: 12011.328 | BH5: 11866.382 | BI5: 11757.599 | BJ5: 11937.88 | BK5: 11908.972 | BL5: 11947.317 | BM5: 12073.393 | BN5: 12109.032 | BO5: 12240.119 | BP5: 12045.2 | BQ5: 9546.08 | BR5: 10657.849 | BS5: 11523.649
A6: Sexo
A7: Varones | B7: 5135.2389 | C7: 5394.0338 | D7: 5403.0579 | E7: 5383.7909 | F7: 5548.9665 | G7: 5610.593 | H7: 5560.3442 | I7: 5609.4134 | J7: 5789.6793 | K7: 5784.6284 | L7: 5745.7995 | M7: 5883.2255 | N7: 5898.8803 | O7: 5971.0729 | P7: 5990.551 | Q7: 6057.1517 | R7: … | S7: 6102.6723 | T7: 6044.7334 | U7: 6083.6736 | V7: 6126.3386 | W7: 6202.0993 | X7: 6144.8857 | Y7: 6103.3295 | Z7: 6079.6275 | AA7: 6173.5961 | AB7: 6234.759 | AC7: 6275.9027 | AD7: 6278.7673 | AE7: 6370.0104 | AF7: 6423.2775 | AG7: 6480.1128 | AH7: 6528.5025 | AI7: 6544.2299 | AJ7: 6380.9726 | AK7: 6433.338 | AL7: 6628.3901 | AM7: 6651.3486 | AN7: 6495.2501 | AO7: 6617.6713 | AP7: 6655.0342 | AQ7: 6572.7013 | AR7: 6504.1078 | AS7: 6449.8318 | AT7: 6427.321 | AU7: 6492.6719 | AV7: 6479.793 | AW7: 6552.2666 | AX7: … | AY7: … | AZ7: … | BA7: 6627.7188 | BB7: 6602.8005 | BC7: 6650.0018 | BD7: 6638.3581 | BE7: 6569.2255 | BF7: 6752.571 | BG7: 6883.9742 | BH7: 6745.8991 | BI7: 6629.8551 | BJ7: 6677.727 | BK7: 6634.676 | BL7: 6791.666 | BM7: 6769.037 | BN7: 6893.2304 | BO7: 6857.376 | BP7: 6720.605 | BQ7: 5379.639 | BR7: 6041.602 | BS7: 6478.577
A8: Mujeres | B8: 3888.0714 | C8: 3856.3296 | D8: 3855.4662 | E8: 3981.5201 | F8: 4007.0685 | G8: 4059.942 | H8: 3959.8798 | I8: 4027.1608 | J8: 4121.661 | K8: 4230.2756 | L8: 4154.4675 | M8: 4274.9721 | N8: 4261.4942 | O8: 4326.8351 | P8: 4251.6356 | Q8: 4330.6589 | R8: … | S8: 4271.7696 | T8: 4319.5953 | U8: 4354.3262 | V8: 4299.8839 | W8: 4466.5651 | X8: 4503.235 | Y8: 4488.4263 | Z8: 4446.425 | AA8: 4516.4424 | AB8: 4449.8583 | AC8: 4494.6345 | AD8: 4530.5245 | AE8: 4457.0508 | AF8: 4415.297 | AG8: 4616.576 | AH8: 4642.7869 | AI8: 4561.7571 | AJ8: 4579.9092 | AK8: 4704.4265 | AL8: 4657.3413 | AM8: 4618.5275 | AN8: 4579.4562 | AO8: 4719.0916 | AP8: 4675.4854 | AQ8: 4731.8791 | AR8: 4591.6342 | AS8: 4561.0745 | AT8: 4595.0821 | AU8: 4760.2846 | AV8: 4622.4237 | AW8: 4598.7678 | AX8: … | AY8: … | AZ8: … | BA8: 4844.6801 | BB8: 5011.4174 | BC8: 4946.7486 | BD8: 4822.4641 | BE8: 4941.8226 | BF8: 5058.2303 | BG8: 5127.3539 | BH8: 5120.4828 | BI8: 5127.744 | BJ8: 5144.297 | BK8: 5158.721 | BL8: 5155.651 | BM8: 5304.356 | BN8: 5215.8019 | BO8: 5382.743 | BP8: 5324.595 | BQ8: 4166.441 | BR8: 4616.247 | BS8: 5045.072
A9: Grupos de edad
A10: Hasta 24 años | B10: 1383.4756 | C10: 1423.0527 | D10: 1449.6653 | E10: 1418.643 | F10: 1454.9737 | G10: 1480.2902 | H10: 1395.6569 | I10: 1428.5174 | J10: 1503.9976 | K10: 1489.3644 | L10: 1458.4175 | M10: 1512.6604 | N10: 1498.7001 | O10: 1557.752 | P10: 1549.8781 | Q10: 1477.2783 | R10: … | S10: 1611.2307 | T10: 1480.1298 | U10: 1488.449 | V10: 1535.7079 | W10: 1574.4632 | X10: 1513.7006 | Y10: 1452.4175 | Z10: 1433.418 | AA10: 1450.1719 | AB10: 1450.7407 | AC10: 1476.6984 | AD10: 1430.1146 | AE10: 1479.6159 | AF10: 1434.3793 | AG10: 1535.3315 | AH10: 1445.6571 | AI10: 1440.8246 | AJ10: 1414.4365 | AK10: 1517.855 | AL10: 1565.9984 | AM10: 1466.1186 | AN10: 1465.0555 | AO10: 1495.3964 | AP10: 1444.3577 | AQ10: 1476.4805 | AR10: 1470.2934 | AS10: 1423.8301 | AT10: 1401.4293 | AU10: 1521.9077 | AV10: 1390.7917 | AW10: 1364.8912 | AX10: … | AY10: … | AZ10: … | BA10: 1374.8625 | BB10: 1390.194 | BC10: 1353.5579 | BD10: 1362.3813 | BE10: 1412.1232 | BF10: 1438.1349 | BG10: 1490.9913 | BH10: 1427.8532 | BI10: 1355.1606 | BJ10: 1357.231 | BK10: 1432.678 | BL10: 1329.231 | BM10: 1318.921 | BN10: 1282.2613 | BO10: 1337.947 | BP10: 1326.04 | BQ10: 788.987 | BR10: 946.807 | BS10: 1240.836
A11: Entre 25 y 34 años | B11: 2311.0995 | C11: 2432.5046 | D11: 2399.5002 | E11: 2487.8013 | F11: 2561.1566 | G11: 2605.7105 | H11: 2505.7408 | I11: 2531.1863 | J11: 2615.8905 | K11: 2716.2275 | L11: 2613.0851 | M11: 2735.3004 | N11: 2808.7662 | O11: 2807.2654 | P11: 2678.4094 | Q11: 2813.7625 | R11: … | S11: 2753.8465 | T11: 2791.8308 | U11: 2792.9358 | V11: 2718.8405 | W11: 2818.6053 | X11: 2802.2898 | Y11: 2890.9893 | Z11: 2848.8555 | AA11: 2865.0664 | AB11: 2947.3856 | AC11: 2944.3965 | AD11: 2983.8329 | AE11: 2944.9497 | AF11: 2907.9047 | AG11: 2990.1659 | AH11: 3004.2115 | AI11: 2958.7401 | AJ11: 2903.8774 | AK11: 2852.9244 | AL11: 2992.0147 | AM11: 3047.8475 | AN11: 2846.8123 | AO11: 2911.5894 | AP11: 2931.3033 | AQ11: 3067.1867 | AR11: 2879.0389 | AS11: 2844.936 | AT11: 2842.1276 | AU11: 2996.3707 | AV11: 2907.0918 | AW11: 2768.0516 | AX11: … | AY11: … | AZ11: … | BA11: 2785.7311 | BB11: 2805.8306 | BC11: 2767.1991 | BD11: 2790.3971 | BE11: 2736.7702 | BF11: 2793.0134 | BG11: 2868.2697 | BH11: 2895.7053 | BI11: 2812.3655 | BJ11: 2832.097 | BK11: 2760.241 | BL11: 2912.429 | BM11: 2930.438 | BN11: 2894.3589 | BO11: 2964.217 | BP11: 2911.603 | BQ11: 2429.005 | BR11: 2736.603 | BS11: 2789.17
A12: Entre 35 y 49 años | B12: 3173.4891 | C12: 3156.5382 | D12: 3190.5329 | E12: 3133.9536 | F12: 3193.079 | G12: 3244.1667 | H12: 3300.2904 | I12: 3283.7098 | J12: 3330.5061 | K12: 3352.0991 | L12: 3395.4097 | M12: 3348.5414 | N12: 3330.7314 | O12: 3371.7584 | P12: 3490.0821 | Q12: 3532.9525 | R12: … | S12: 3482.2474 | T12: 3602.1901 | U12: 3564.1868 | V12: 3608.5735 | W12: 3650.0522 | X12: 3664.7213 | Y12: 3630.3226 | Z12: 3647.627 | AA12: 3665.3903 | AB12: 3653.4537 | AC12: 3677.2194 | AD12: 3689.9469 | AE12: 3686.7212 | AF12: 3749.5921 | AG12: 3815.5636 | AH12: 3902.1442 | AI12: 3931.6373 | AJ12: 3884.44 | AK12: 3947.7801 | AL12: 3908.1271 | AM12: 3933.1418 | AN12: 3971.0476 | AO12: 4065.2145 | AP12: 4090.2734 | AQ12: 3946.1115 | AR12: 3960.8944 | AS12: 3923.6588 | AT12: 3957.6736 | AU12: 3877.1669 | AV12: 3948.4129 | AW12: 4149.6562 | AX12: … | AY12: … | AZ12: … | BA12: 4041.5633 | BB12: 4083.6752 | BC12: 4183.76 | BD12: 3952.4707 | BE12: 4002.474 | BF12: 4183.0675 | BG12: 4188.1165 | BH12: 4137.9548 | BI12: 4209.5763 | BJ12: 4255.351 | BK12: 4212.922 | BL12: 4272.766 | BM12: 4326.162 | BN12: 4428.6333 | BO12: 4414.098 | BP12: 4338.998 | BQ12: 3916.402 | BR12: 4175.178 | BS12: 4445.308
A13: Entre 50 y 59 años | B13: 1462.8036 | C13: 1455.0701 | D13: 1460.5283 | E13: 1562.3859 | F13: 1579.9763 | G13: 1543.1595 | H13: 1532.5754 | I13: 1534.5329 | J13: 1576.9235 | K13: 1565.9041 | L13: 1556.61 | M13: 1696.326 | N13: 1635.8026 | O13: 1612.8938 | P13: 1628.5544 | Q13: 1689.1018 | R13: … | S13: 1670.7331 | T13: 1679.2103 | U13: 1729.3961 | V13: 1724.7739 | W13: 1751.7219 | X13: 1774.3567 | Y13: 1710.2542 | Z13: 1720.4451 | AA13: 1791.7803 | AB13: 1721.8552 | AC13: 1706.6815 | AD13: 1754.6537 | AE13: 1781.1618 | AF13: 1797.7506 | AG13: 1814.5507 | AH13: 1809.7207 | AI13: 1797.8477 | AJ13: 1850.0238 | AK13: 1834.5652 | AL13: 1807.7008 | AM13: 1812.6617 | AN13: 1842.6064 | AO13: 1835.7076 | AP13: 1825.8148 | AQ13: 1817.962 | AR13: 1805.7876 | AS13: 1848.8217 | AT13: 1810.771 | AU13: 1825.2655 | AV13: 1846.8557 | AW13: 1895.2371 | AX13: … | AY13: … | AZ13: … | BA13: 2110.0564 | BB13: 2106.2815 | BC13: 2087.5638 | BD13: 2151.0378 | BE13: 2193.421 | BF13: 2141.4312 | BG13: 2176.7257 | BH13: 2064.5491 | BI13: 2123.4188 | BJ13: 2170.168 | BK13: 2150.81 | BL13: 2110.667 | BM13: 2176.616 | BN13: 2174.2737 | BO13: 2205.276 | BP13: 2171.826 | BQ13: 1654.418 | BR13: 1840.49 | BS13: 1952.158
A14: 60 años y más | B14: 692.44249 | C14: 783.19772 | D14: 758.29736 | E14: 762.52711 | F14: 766.84935 | G14: 797.20821 | H14: 785.96044 | I14: 858.62787 | J14: 884.02262 | K14: 891.30899 | L14: 876.74473 | M14: 865.36943 | N14: 886.37423 | O14: 948.23845 | P14: 895.26257 | Q14: 874.71543 | R14: … | S14: 856.38416 | T14: 810.96759 | U14: 863.03214 | V14: 838.32674 | W14: 873.82184 | X14: 893.05222 | Y14: 907.77217 | Z14: 875.70687 | AA14: 917.62971 | AB14: 911.18198 | AC14: 965.54157 | AD14: 950.74372 | AE14: 934.61247 | AF14: 948.94782 | AG14: 941.07714 | AH14: 1009.5559 | AI14: 976.93738 | AJ14: 908.10419 | AK14: 984.63975 | AL14: 1011.8904 | AM14: 1010.1066 | AN14: 949.18437 | AO14: 1028.855 | AP14: 1038.7705 | AQ14: 996.83978 | AR14: 979.72772 | AS14: 969.6598 | AT14: 1010.4016 | AU14: 1032.2457 | AV14: 1009.0645 | AW14: 973.19837 | AX14: … | AY14: … | AZ14: … | BA14: 1160.1856 | BB14: 1228.2365 | BC14: 1204.6695 | BD14: 1204.5353 | BE14: 1166.2597 | BF14: 1255.1543 | BG14: 1287.2248 | BH14: 1340.3195 | BI14: 1257.0781 | BJ14: 1207.177 | BK14: 1236.746 | BL14: 1322.224 | BM14: 1321.256 | BN14: 1329.5052 | BO14: 1318.581 | BP14: 1296.733 | BQ14: 757.268 | BR14: 958.771 | BS14: 1096.177
A15: Posición en el hogar
A16: Jefe | B16: 4605.5099 | C16: 4817.2879 | D16: 4730.3022 | E16: 4793.2066 | F16: 4902.6255 | G16: 4934.7648 | H16: 4907.7169 | I16: 4891.6701 | J16: 5072.6132 | K16: 5072.0338 | L16: 5005.0505 | M16: 5129.3625 | N16: 5197.1228 | O16: 5128.5182 | P16: 5119.3904 | Q16: 5243.8232 | R16: … | S16: 5122.9954 | T16: 5095.3215 | U16: 5231.0551 | V16: 5198.8088 | W16: 5238.4089 | X16: 5223.8395 | Y16: 5236.9644 | Z16: 5246.9448 | AA16: 5276.0262 | AB16: 5251.6659 | AC16: 5309.6145 | AD16: 5345.6139 | AE16: 5406.5066 | AF16: 5470.865 | AG16: 5566.868 | AH16: 5578.2079 | AI16: 5652.2001 | AJ16: 5628.6442 | AK16: 5629.0223 | AL16: 5590.905 | AM16: 5677.697 | AN16: 5607.7095 | AO16: 5770.0519 | AP16: 5683.6835 | AQ16: 5618.3911 | AR16: 5572.0031 | AS16: 5556.2343 | AT16: 5575.3267 | AU16: 5622.668 | AV16: 5615.7234 | AW16: 5657.524 | AX16: … | AY16: … | AZ16: … | BA16: 5681.6638 | BB16: 5694.673 | BC16: 5750.3811 | BD16: 5667.145 | BE16: 5672.77 | BF16: 5786.9387 | BG16: 5866.3386 | BH16: 5817.1516 | BI16: 5791.2544 | BJ16: 5862.123 | BK16: 5884.53 | BL16: 5990.395 | BM16: 6022.492 | BN16: 6037.9079 | BO16: 6100.222 | BP16: 6049.462 | BQ16: 5060.601 | BR16: 5599.697 | BS16: 5926.662
A17: Cónyuge | B17: 1941.5942 | C17: 1898.5899 | D17: 1971.5622 | E17: 2015.4843 | F17: 1999.8761 | G17: 2012.8342 | H17: 1972.6134 | I17: 2041.9458 | J17: 2038.1679 | K17: 2082.7255 | L17: 2044.8945 | M17: 2120.52 | N17: 2127.5038 | O17: 2079.8168 | P17: 2105.527 | Q17: 2175.2056 | R17: … | S17: 2115.3368 | T17: 2172.856 | U17: 2236.1022 | V17: 2209.7085 | W17: 2313.4938 | X17: 2273.8159 | Y17: 2320.0845 | Z17: 2313.1569 | AA17: 2340.6945 | AB17: 2283.9062 | AC17: 2317.9427 | AD17: 2333.4249 | AE17: 2321.4492 | AF17: 2373.5265 | AG17: 2428.5112 | AH17: 2474.6527 | AI17: 2418.0708 | AJ17: 2435.446 | AK17: 2445.7062 | AL17: 2482.0389 | AM17: 2460.3305 | AN17: 2424.9169 | AO17: 2438.8395 | AP17: 2514.2435 | AQ17: 2495.0674 | AR17: 2518.7829 | AS17: 2427.0566 | AT17: 2464.8364 | AU17: 2468.1556 | AV17: 2481.3769 | AW17: 2530.1511 | AX17: … | AY17: … | AZ17: … | BA17: 2607.4416 | BB17: 2659.5615 | BC17: 2631.908 | BD17: 2618.2832 | BE17: 2633.9844 | BF17: 2704.3104 | BG17: 2764.8548 | BH17: 2707.2606 | BI17: 2769.7992 | BJ17: 2805.543 | BK17: 2745.5 | BL17: 2821.932 | BM17: 2872.979 | BN17: 2880.641 | BO17: 2910.262 | BP17: 2816.492 | BQ17: 2345.746 | BR17: 2506.542 | BS17: 2653.93
A18: Hijo | B18: 2005.7115 | C18: 2019.4729 | D18: 2056.1615 | E18: 2035.8676 | F18: 2099.9026 | G18: 2168.2991 | H18: 2135.7309 | I18: 2184.2727 | J18: 2208.2892 | K18: 2252.3648 | L18: 2244.2994 | M18: 2298.6966 | N18: 2242.674 | O18: 2421.7014 | P18: 2380.3983 | Q18: 2314.9875 | R18: … | S18: 2520.0478 | T18: 2435.6911 | U18: 2337.6382 | V18: 2355.8612 | W18: 2464.4126 | X18: 2451.5965 | Y18: 2365.8719 | Z18: 2335.703 | AA18: 2391.5195 | AB18: 2434.5687 | AC18: 2426.2517 | AD18: 2398.2841 | AE18: 2405.4739 | AF18: 2315.4603 | AG18: 2402.2773 | AH18: 2360.6982 | AI18: 2371.4692 | AJ18: 2248.928 | AK18: 2366.6916 | AL18: 2481.7429 | AM18: 2355.6807 | AN18: 2350.7846 | AO18: 2395.1501 | AP18: 2370.1491 | AQ18: 2416.6948 | AR18: 2285.1044 | AS18: 2324.3134 | AT18: 2245.5449 | AU18: 2450.9797 | AV18: 2320.1167 | AW18: 2285.452 | AX18: … | AY18: … | AZ18: … | BA18: 2452.0572 | BB18: 2473.316 | BC18: 2470.567 | BD18: 2505.5717 | BE18: 2477.6923 | BF18: 2542.3944 | BG18: 2623.5265 | BH18: 2557.2574 | BI18: 2452.2685 | BJ18: 2416.216 | BK18: 2437.824 | BL18: 2405.447 | BM18: 2437.915 | BN18: 2490.6944 | BO18: 2528.452 | BP18: 2435.3 | BQ18: 1642.049 | BR18: 2017.611 | BS18: 2173.947
A19: Otros | B19: 470.49478 | C19: 515.01276 | D19: 500.49824 | E19: 520.75255 | F19: 553.63077 | G19: 554.63695 | H19: 504.16276 | I19: 518.68558 | J19: 592.26994 | K19: 607.7798 | L19: 606.02255 | M19: 609.6185 | N19: 593.07399 | O19: 667.87168 | P19: 636.87096 | Q19: 653.79429 | R19: … | S19: 616.06175 | T19: 660.46001 | U19: 633.20427 | V19: 661.84401 | W19: 652.34921 | X19: 698.86875 | Y19: 668.835 | Z19: 630.24784 | AA19: 681.79833 | AB19: 714.4764 | AC19: 716.72845 | AD19: 731.96889 | AE19: 693.63149 | AF19: 678.72268 | AG19: 699.03227 | AH19: 757.73053 | AI19: 664.24698 | AJ19: 647.86353 | AK19: 696.34439 | AL19: 731.04463 | AM19: 776.1679 | AN19: 691.29516 | AO19: 732.72141 | AP19: 762.44353 | AQ19: 774.42707 | AR19: 719.8516 | AS19: 703.30205 | AT19: 736.69501 | AU19: 711.15318 | AV19: 684.99967 | AW19: 677.90728 | AX19: … | AY19: … | AZ19: … | BA19: 731.23639 | BB19: 786.6674 | BC19: 743.89421 | BD19: 669.82229 | BE19: 726.6015 | BF19: 777.15781 | BG19: 756.60817 | BH19: 784.71243 | BI19: 744.27711 | BJ19: 738.142 | BK19: 725.543 | BL19: 729.543 | BM19: 740.007 | BN19: 699.78895 | BO19: 701.183 | BP19: 743.946 | BQ19: 497.684 | BR19: 533.999 | BS19: 769.11
A20: Nivel educativo
A21: Hasta primario incompleto | B21: 686.73595 | C21: 693.19604 | D21: 734.40205 | E21: 697.76721 | F21: 685.35833 | G21: 698.65078 | H21: 690.57863 | I21: 667.60071 | J21: 707.94894 | K21: 761.08648 | L21: 672.71574 | M21: 738.23967 | N21: 709.92771 | O21: 734.23324 | P21: 678.81765 | Q21: 641.46224 | R21: … | S21: 695.98933 | T21: 650.1057 | U21: 589.64304 | V21: 620.73098 | W21: 670.5551 | X21: 638.58302 | Y21: 605.08332 | Z21: 619.19627 | AA21: 577.87895 | AB21: 527.87977 | AC21: 564.09523 | AD21: 552.57939 | AE21: 536.76516 | AF21: 511.14564 | AG21: 517.20412 | AH21: 546.26058 | AI21: 518.75381 | AJ21: 521.73835 | AK21: 554.84284 | AL21: 516.19881 | AM21: 511.27705 | AN21: 453.61009 | AO21: 466.68284 | AP21: 510.47579 | AQ21: 506.96448 | AR21: 497.18474 | AS21: 416.02349 | AT21: 448.81504 | AU21: 489.55277 | AV21: 466.49833 | AW21: 444.14118 | AX21: … | AY21: … | AZ21: … | BA21: 480.09605 | BB21: 497.6507 | BC21: 461.29448 | BD21: 516.94771 | BE21: 443.63034 | BF21: 459.53388 | BG21: 466.2463 | BH21: 445.8948 | BI21: 431.23639 | BJ21: 436.961 | BK21: 452.102 | BL21: 455.973 | BM21: 463.663 | BN21: 481.33328 | BO21: 420.522 | BP21: 436.155 | BQ21: 269.804 | BR21: 354.756 | BS21: 428.671
A22: Primario completo | B22: 1986.5235 | C22: 2153.6614 | D22: 2230.3656 | E22: 2132.1105 | F22: 2215.248 | G22: 2257.1362 | H22: 2240.5492 | I22: 2240.1507 | J22: 2201.8228 | K22: 2189.1593 | L22: 2195.2395 | M22: 2208.8498 | N22: 2152.7778 | O22: 2149.2045 | P22: 2157.9148 | Q22: 2166.2385 | R22: … | S22: 1957.9163 | T22: 2070.564 | U22: 2150.1736 | V22: 2070.5257 | W22: 2001.0304 | X22: 2126.5491 | Y22: 2015.2707 | Z22: 1947.1112 | AA22: 2058.2852 | AB22: 2056.9074 | AC22: 2005.2112 | AD22: 1991.2618 | AE22: 2043.1822 | AF22: 2038.6844 | AG22: 2000.9412 | AH22: 2072.4911 | AI22: 2011.0606 | AJ22: 2029.494 | AK22: 2073.5636 | AL22: 1999.0728 | AM22: 1972.4152 | AN22: 1913.9526 | AO22: 1906.233 | AP22: 1953.0232 | AQ22: 1889.079 | AR22: 1851.7981 | AS22: 1905.9473 | AT22: 1868.0164 | AU22: 1949.8475 | AV22: 1891.9517 | AW22: 1914.0032 | AX22: … | AY22: … | AZ22: … | BA22: 1884.1202 | BB22: 1849.2396 | BC22: 1792.892 | BD22: 1656.4505 | BE22: 1781.7928 | BF22: 1796.2285 | BG22: 1762.1621 | BH22: 1693.874 | BI22: 1636.9025 | BJ22: 1615.573 | BK22: 1599.146 | BL22: 1672.822 | BM22: 1638.378 | BN22: 1568.5067 | BO22: 1598.544 | BP22: 1688.593 | BQ22: 1180.63 | BR22: 1311.873 | BS22: 1553.895
A23: Secundario incompleto | B23: 1728.5251 | C23: 1702.3238 | D23: 1622.4331 | E23: 1666.3365 | F23: 1697.4831 | G23: 1680.4512 | H23: 1704.5274 | I23: 1588.2199 | J23: 1716.3835 | K23: 1720.7868 | L23: 1708.7219 | M23: 1723.4858 | N23: 1727.3732 | O23: 1788.5327 | P23: 1807.0919 | Q23: 1817.5143 | R23: … | S23: 1826.277 | T23: 1763.6065 | U23: 1775.2679 | V23: 1754.7901 | W23: 1845.1423 | X23: 1814.8861 | Y23: 1788.3386 | Z23: 1777.498 | AA23: 1809.0144 | AB23: 1766.3702 | AC23: 1845.5001 | AD23: 1835.3608 | AE23: 1771.8523 | AF23: 1831.3515 | AG23: 1955.7012 | AH23: 1946.2283 | AI23: 1893.2912 | AJ23: 1783.6809 | AK23: 1828.9686 | AL23: 1931.81 | AM23: 1889.7603 | AN23: 1788.0466 | AO23: 1929.621 | AP23: 1916.2594 | AQ23: 1990.9141 | AR23: 1952.905 | AS23: 1922.0004 | AT23: 1956.4507 | AU23: 1922.9959 | AV23: 1800.6215 | AW23: 1958.9519 | AX23: … | AY23: … | AZ23: … | BA23: 1884.6352 | BB23: 1956.7873 | BC23: 1931.2707 | BD23: 1941.7939 | BE23: 1958.8707 | BF23: 1993.3334 | BG23: 1999.6041 | BH23: 1924.7822 | BI23: 1994.9342 | BJ23: 2024.513 | BK23: 1901.568 | BL23: 1913.673 | BM23: 1915.589 | BN23: 1915.5462 | BO23: 1945.879 | BP23: 1949.849 | BQ23: 1485.854 | BR23: 1752.868 | BS23: 2063.341
A24: Secundario completo | B24: 1791.9651 | C24: 1857.6347 | D24: 1891.6726 | E24: 1931.6696 | F24: 1988.2736 | G24: 2033.1412 | H24: 1975.9187 | I24: 2078.7372 | J24: 2123.1468 | K24: 2063.7888 | L24: 2147.2606 | M24: 2198.3362 | N24: 2207.9946 | O24: 2263.0898 | P24: 2263.0496 | Q24: 2359.2794 | R24: … | S24: 2457.348 | T24: 2375.5819 | U24: 2493.1166 | V24: 2568.4073 | W24: 2537.0946 | X24: 2463.9498 | Y24: 2531.2078 | Z24: 2577.3763 | AA24: 2586.4111 | AB24: 2567.4939 | AC24: 2524.1957 | AD24: 2654.5334 | AE24: 2663.3118 | AF24: 2641.6209 | AG24: 2728.2353 | AH24: 2686.4881 | AI24: 2758.6276 | AJ24: 2798.6139 | AK24: 2819.7746 | AL24: 2955.3119 | AM24: 2907.082 | AN24: 2837.7859 | AO24: 3061.6237 | AP24: 2916.9749 | AQ24: 2984.6863 | AR24: 2930.7303 | AS24: 2952.3444 | AT24: 2821.8128 | AU24: 2918.0856 | AV24: 2961.6933 | AW24: 2976.0756 | AX24: … | AY24: … | AZ24: … | BA24: 3105.3671 | BB24: 3144.1083 | BC24: 3234.8975 | BD24: 3166.4011 | BE24: 3182.6745 | BF24: 3244.2442 | BG24: 3270.177 | BH24: 3340.3417 | BI24: 3297.8385 | BJ24: 3337.347 | BK24: 3273.353 | BL24: 3329.956 | BM24: 3344.75 | BN24: 3312.8177 | BO24: 3407.087 | BP24: 3294.353 | BQ24: 2628.959 | BR24: 2784.584 | BS24: 2950.815
A25: Terc/univ incompleto | B25: 1169.6623 | C25: 1215.0857 | D25: 1196.5413 | E25: 1281.1407 | F25: 1269.275 | G25: 1318.9532 | H25: 1210.3684 | I25: 1349.2871 | J25: 1328.8354 | K25: 1403.2939 | L25: 1335.0399 | M25: 1422.3841 | N25: 1469.2572 | O25: 1396.179 | P25: 1358.1078 | Q25: 1437.6147 | R25: … | S25: 1420.1154 | T25: 1389.7325 | U25: 1402.1468 | V25: 1404.3169 | W25: 1448.2337 | X25: 1390.4668 | Y25: 1453.3079 | Z25: 1478.9968 | AA25: 1478.4855 | AB25: 1464.8011 | AC25: 1516.4954 | AD25: 1494.9013 | AE25: 1502.0199 | AF25: 1550.6005 | AG25: 1517.0391 | AH25: 1513.2992 | AI25: 1536.5934 | AJ25: 1444.747 | AK25: 1478.3817 | AL25: 1531.845 | AM25: 1518.2533 | AN25: 1541.0158 | AO25: 1526.1705 | AP25: 1505.4282 | AQ25: 1506.821 | AR25: 1517.6196 | AS25: 1430.3614 | AT25: 1446.5241 | AU25: 1507.1574 | AV25: 1554.2061 | AW25: 1473.804 | AX25: … | AY25: … | AZ25: … | BA25: 1553.5973 | BB25: 1559.5408 | BC25: 1519.7696 | BD25: 1568.9544 | BE25: 1647.4594 | BF25: 1695.8306 | BG25: 1693.7144 | BH25: 1689.7845 | BI25: 1708.7417 | BJ25: 1692.928 | BK25: 1724.186 | BL25: 1716.225 | BM25: 1809.014 | BN25: 1783.8056 | BO25: 1809.017 | BP25: 1815.489 | BQ25: 1468.965 | BR25: 1628.641 | BS25: 1652.229
A26: Terc/univ completo | B26: 1659.8984 | C26: 1628.4619 | D26: 1583.1094 | E26: 1656.2864 | F26: 1700.397 | G26: 1682.2024 | H26: 1698.2817 | I26: 1712.5786 | J26: 1833.2029 | K26: 1876.7888 | L26: 1841.2893 | M26: 1866.9021 | N26: 1893.0439 | O26: 1966.6687 | P26: 1977.2049 | Q26: 1965.7014 | R26: … | S26: 2016.7958 | T26: 2114.7381 | U26: 2027.652 | V26: 2007.4515 | W26: 2166.6084 | X26: 2213.6859 | Y26: 2198.5475 | Z26: 2125.8739 | AA26: 2179.9635 | AB26: 2301.1648 | AC26: 2315.0396 | AD26: 2280.6551 | AE26: 2309.9299 | AF26: 2265.1715 | AG26: 2377.5679 | AH26: 2406.5221 | AI26: 2387.6605 | AJ26: 2382.6077 | AK26: 2382.2331 | AL26: 2351.493 | AM26: 2471.0884 | AN26: 2540.2952 | AO26: 2446.4319 | AP26: 2528.3582 | AQ26: 2426.1154 | AR26: 2345.5042 | AS26: 2384.2294 | AT26: 2480.7841 | AU26: 2465.3173 | AV26: 2427.2457 | AW26: 2384.0586 | AX26: … | AY26: … | AZ26: … | BA26: 2564.5831 | BB26: 2606.8912 | BC26: 2656.6261 | BD26: 2610.2746 | BE26: 2496.6204 | BF26: 2621.6307 | BG26: 2819.4241 | BH26: 2771.7046 | BI26: 2687.9458 | BJ26: 2714.702 | BK26: 2843.042 | BL26: 2858.668 | BM26: 2901.999 | BN26: 3047.0228 | BO26: 3059.07 | BP26: 2860.761 | BQ26: 2511.868 | BR26: 2825.127 | BS26: 2874.698
A27: Categoría ocupacional
A28: Patrón | B28: 328.6914 | C28: 363.11317 | D28: 342.95958 | E28: 372.01512 | F28: 395.58134 | G28: 403.78981 | H28: 348.32733 | I28: 376.7653 | J28: 419.85763 | K28: 402.39599 | L28: 382.70292 | M28: 418.65685 | N28: 430.03303 | O28: 422.80159 | P28: 466.00016 | Q28: 458.774 | R28: … | S28: 455.84851 | T28: 481.09502 | U28: 472.10994 | V28: 459.47254 | W28: 503.49649 | X28: 503.52677 | Y28: 461.3657 | Z28: 448.066 | AA28: 473.94733 | AB28: 488.33204 | AC28: 493.7548 | AD28: 515.9935 | AE28: 442.65108 | AF28: 469.3634 | AG28: 526.46515 | AH28: 509.72742 | AI28: 471.94891 | AJ28: 382.82185 | AK28: 447.08087 | AL28: 451.52856 | AM28: 486.77695 | AN28: 405.26257 | AO28: 454.65496 | AP28: 475.30032 | AQ28: 404.39083 | AR28: 383.6707 | AS28: 377.06161 | AT28: 383.94649 | AU28: 396.72569 | AV28: 376.73172 | AW28: 394.42035 | AX28: … | AY28: … | AZ28: … | BA28: 411.02968 | BB28: 403.44871 | BC28: 437.5884 | BD28: 464.66353 | BE28: 439.52085 | BF28: 454.11268 | BG28: 434.47877 | BH28: 437.95014 | BI28: 477.38882 | BJ28: 469.03 | BK28: 462.115 | BL28: 430.617 | BM28: 416.323 | BN28: 476.89596 | BO28: 509.561 | BP28: 426.606 | BQ28: 243.605 | BR28: 316.793 | BS28: 296.084
A29: Cuenta propia | B29: 1890.0868 | C29: 1906.3848 | D29: 1871.0476 | E29: 1903.0453 | F29: 1956.8539 | G29: 1948.4514 | H29: 1919.1178 | I29: 1974.4714 | J29: 2016.9099 | K29: 2002.1951 | L29: 1925.8205 | M29: 1967.9031 | N29: 1913.3017 | O29: 1998.1301 | P29: 1887.7575 | Q29: 1901.222 | R29: … | S29: 1862.0939 | T29: 1836.3466 | U29: 1932.3827 | V29: 2006.5815 | W29: 1919.5911 | X29: 1924.6447 | Y29: 2031.6642 | Z29: 1975.0323 | AA29: 2079.1969 | AB29: 1992.5339 | AC29: 2011.57 | AD29: 1912.5484 | AE29: 1950.0851 | AF29: 1964.315 | AG29: 1969.8957 | AH29: 2007.3992 | AI29: 1966.0275 | AJ29: 2053.8132 | AK29: 2124.4785 | AL29: 2005.9554 | AM29: 2062.7459 | AN29: 2084.273 | AO29: 2232.9816 | AP29: 2124.6969 | AQ29: 2176.1818 | AR29: 2136.4228 | AS29: 2194.6046 | AT29: 2168.114 | AU29: 2195.7796 | AV29: 2128.364 | AW29: 2155.4511 | AX29: … | AY29: … | AZ29: … | BA29: 2330.997 | BB29: 2376.0984 | BC29: 2358.2108 | BD29: 2403.7754 | BE29: 2347.5715 | BF29: 2495.4329 | BG29: 2541.0711 | BH29: 2430.8155 | BI29: 2505.8992 | BJ29: 2531.269 | BK29: 2488.831 | BL29: 2544.172 | BM29: 2628.858 | BN29: 2767.3427 | BO29: 2775.34 | BP29: 2683.581 | BQ29: 1894.599 | BR29: 2660.439 | BS29: 3039.006
A30: Obrero o empleado | B30: 6652.2627 | C30: 6837.3946 | D30: 6880.3757 | E30: 6964.2268 | F30: 7081.0074 | G30: 7185.8382 | H30: 7132.7117 | I30: 7198.3249 | J30: 7363.3757 | K30: 7482.0156 | L30: 7493.505 | M30: 7659.0097 | N30: 7713.0846 | O30: 7752.6328 | P30: 7765.9573 | Q30: 7932.642 | R30: … | S30: 7950.7216 | T30: 7963.3945 | U30: 7934.4696 | V30: 7897.1587 | W30: 8160.8353 | X30: 8129.6919 | Y30: 8023.7046 | Z30: 8013.5194 | AA30: 8050.204 | AB30: 8110.7536 | AC30: 8182.6837 | AD30: 8283.1297 | AE30: 8355.0256 | AF30: 8315.3148 | AG30: 8504.6797 | AH30: 8573.8543 | AI30: 8597.9385 | AJ30: 8467.3908 | AK30: 8496.4556 | AL30: 8752.987 | AM30: 8667.2138 | AN30: 8502.587 | AO30: 8579.3729 | AP30: 8679.266 | AQ30: 8667.6243 | AR30: 8510.119 | AS30: 8378.9743 | AT30: 8396.2268 | AU30: 8587.9418 | AV30: 8539.3021 | AW30: 8547.3138 | AX30: … | AY30: … | AZ30: … | BA30: 8668.1129 | BB30: 8758.9836 | BC30: 8741.0398 | BD30: 8500.2516 | BE30: 8646.8968 | BF30: 8794.3599 | BG30: 8986.4306 | BH30: 8927.085 | BI30: 8694.8956 | BJ30: 8761.3 | BK30: 8789.726 | BL30: 8902.989 | BM30: 8951.84 | BN30: 8796.2166 | BO30: 8887.247 | BP30: 8855.204 | BQ30: 7344.854 | BR30: 7615.482 | BS30: 8123.69
A31: Trabajador familiar | B31: 152.26945 | C31: 143.47086 | D31: 164.14123 | E31: 126.02382 | F31: 122.59235 | G31: 132.45558 | H31: 120.06713 | I31: 87.012625 | J31: 111.19706 | K31: 128.29729 | L31: 98.238569 | M31: 112.62782 | N31: 103.95514 | O31: 124.34347 | P31: 122.47164 | Q31: 95.172608 | R31: … | S31: 105.77785 | T31: 83.492456 | U31: 99.037591 | V31: 63.009667 | W31: 84.741571 | X31: 90.257286 | Y31: 75.021281 | Z31: 89.434812 | AA31: 86.69035 | AB31: 92.99769 | AC31: 82.528771 | AD31: 97.620227 | AE31: 79.299417 | AF31: 89.581319 | AG31: 95.648144 | AH31: 80.308413 | AI31: 70.072088 | AJ31: 56.855952 | AK31: 69.749561 | AL31: 75.260412 | AM31: 53.139419 | AN31: 82.583692 | AO31: 69.753457 | AP31: 51.25637 | AQ31: 56.383419 | AR31: 65.529456 | AS31: 60.265914 | AT31: 74.11573 | AU31: 72.509422 | AV31: 57.818858 | AW31: 53.84913 | AX31: … | AY31: … | AZ31: … | BA31: 62.259408 | BB31: 75.687238 | BC31: 59.911357 | BD31: 92.131649 | BE31: 77.059066 | BF31: 66.895893 | BG31: 49.34759 | BH31: 70.53133 | BI31: 79.415506 | BJ31: 60.425 | BK31: 52.725 | BL31: 69.539 | BM31: 76.372 | BN31: 68.577075 | BO31: 67.971 | BP31: 79.809 | BQ31: 63.022 | BR31: 65.135 | BS31: 64.869
A32: Rama de actividad
A33: Actividades primarias | B33: 173.39646 | C33: 201.3158 | D33: 186.18436 | E33: 185.23843 | F33: 185.74157 | G33: 149.66846 | H33: 141.64646 | I33: 150.80581 | J33: 167.27638 | K33: 160.65425 | L33: 145.23162 | M33: 154.16458 | N33: 134.06663 | O33: 143.4604 | P33: 149.52309 | Q33: 120.13681 | R33: … | S33: 131.39886 | T33: 147.68571 | U33: 157.24782 | V33: 170.93732 | W33: 184.79202 | X33: 123.66132 | Y33: 191.98138 | Z33: 157.67269 | AA33: 200.61212 | AB33: 201.55539 | AC33: 183.34926 | AD33: 165.50357 | AE33: 172.47927 | AF33: 189.09725 | AG33: 197.34216 | AH33: 170.08383 | AI33: 173.93935 | AJ33: 123.03349 | AK33: 123.75551 | AL33: 107.78615 | AM33: 120.49823 | AN33: 118.20678 | AO33: 119.15601 | AP33: 109.82608 | AQ33: 123.17825 | AR33: 100.74946 | AS33: 115.41201 | AT33: 98.791586 | AU33: 118.20939 | AV33: 98.961302 | AW33: 102.87807 | AX33: … | AY33: … | AZ33: … | BA33: 107.348 | BB33: 113.40183 | BC33: 108.04608 | BD33: 92.144801 | BE33: 103.41619 | BF33: 114.42211 | BG33: 92.97757 | BH33: 116.40755 | BI33: 109.28229 | BJ33: 106.403 | BK33: 95.73 | BL33: 120.608 | BM33: 97.015 | BN33: 114.86505 | BO33: 130.121 | BP33: 121.463 | BQ33: 93.079 | BR33: 103.816 | BS33: 97.996
C34: =C33/B33-1 -> 0.16101449 | D34: =D33/C33-1 -> -0.075162699 | E34: =E33/D33-1 -> -0.0050806207 | F34: =F33/E33-1 -> 0.0027161721 | G34: =G33/F33-1 -> -0.19421129 | H34: =H33/G33-1 -> -0.05359844 | I34: =I33/H33-1 -> 0.064663463 | J34: =J33/I33-1 -> 0.10921708 | ... Q34: =Q33/P33-1 -> -0.19653336 | T34: =T33/S33-1 -> 0.12394968 | U34: =U33/T33-1 -> 0.06474636 | V34: =V33/U33-1 -> 0.087056845 | W34: =W33/V33-1 -> 0.081051342 | X34: =X33/W33-1 -> -0.3308081 | Y34: =Y33/X33-1 -> 0.55247717 | Z34: =Z33/Y33-1 -> -0.17870843 | AA34: =AA33/Z33-1 -> 0.27233271 | ... AW34: =AW33/AV33-1 -> 0.039578809 | BB34: =BB33/BA33-1 -> 0.056394456 | BC34: =BC33/BB33-1 -> -0.047228081 | BD34: =BD33/BC33-1 -> -0.14717128 | BE34: =BE33/BD33-1 -> 0.12232262 | BF34: =BF33/BE33-1 -> 0.1064235 | BG34: =BG33/BF33-1 -> -0.18741604 | BH34: =BH33/BG33-1 -> 0.25199605 | BI34: =BI33/BH33-1 -> -0.061209613 | ... BP34: =BP33/BO33-1 -> -0.066538068 | BQ34: =BQ33/$BP33-1 -> -0.23368433 | BR34: =BR33/$BP33-1 -> -0.14528704 | BS34: =BS33/$BP33-1 -> -0.19320287
A35: Industria manufacturera | B35: 1233.4292 | C35: 1219.5998 | D35: 1245.8619 | E35: 1364.8475 | F35: 1340.1157 | G35: 1387.5772 | H35: 1399.8136 | I35: 1363.8192 | J35: 1399.1954 | K35: 1414.5431 | L35: 1395.7526 | M35: 1474.0377 | N35: 1455.8325 | O35: 1447.5836 | P35: 1420.6707 | Q35: 1504.701 | R35: … | S35: 1516.9066 | T35: 1455.9423 | U35: 1434.5116 | V35: 1421.7608 | W35: 1578.0394 | X35: 1475.3441 | Y35: 1337.9247 | Z35: 1373.5355 | AA35: 1450.3726 | AB35: 1440.4429 | AC35: 1415.2776 | AD35: 1469.2864 | AE35: 1542.083 | AF35: 1440.2273 | AG35: 1467.4869 | AH35: 1619.9098 | AI35: 1557.9167 | AJ35: 1467.1648 | AK35: 1438.6615 | AL35: 1503.5723 | AM35: 1454.5082 | AN35: 1464.1951 | AO35: 1523.0941 | AP35: 1503.1658 | AQ35: 1466.8544 | AR35: 1429.0258 | AS35: 1444.9202 | AT35: 1469.4377 | AU35: 1489.3305 | AV35: 1461.515 | AW35: 1477.0482 | AX35: … | AY35: … | AZ35: … | BA35: 1393.613 | BB35: 1470.2236 | BC35: 1420.5026 | BD35: 1332.8126 | BE35: 1422.1717 | BF35: 1404.9228 | BG35: 1381.7749 | BH35: 1387.3724 | BI35: 1348.7618 | BJ35: 1310.338 | BK35: 1286.693 | BL35: 1351.109 | BM35: 1418.394 | BN35: 1420.1694 | BO35: 1332.473 | BP35: 1335.428 | BQ35: 1171.031 | BR35: 1258.233 | BS35: 1516.615
C36: =C35/B35-1 -> -0.011212218 | D36: =D35/C35-1 -> 0.021533385 | E36: =E35/D35-1 -> 0.095504655 | F36: =F35/E35-1 -> -0.018120522 | G36: =G35/F35-1 -> 0.035415917 | H36: =H35/G35-1 -> 0.0088185347 | I36: =I35/H35-1 -> -0.025713701 | J36: =J35/I35-1 -> 0.025939068 | ... Q36: =Q35/P35-1 -> 0.05914837 | T36: =T35/S35-1 -> -0.04018985 | U36: =U35/T35-1 -> -0.014719472 | V36: =V35/U35-1 -> -0.0088885953 | W36: =W35/V35-1 -> 0.109919 | X36: =X35/W35-1 -> -0.065077746 | Y36: =Y35/X35-1 -> -0.093143996 | Z36: =Z35/Y35-1 -> 0.02661644 | AA36: =AA35/Z35-1 -> 0.055941145 | ... AW36: =AW35/AV35-1 -> 0.010628126 | BB36: =BB35/BA35-1 -> 0.054972617 | BC36: =BC35/BB35-1 -> -0.033818622 | BD36: =BD35/BC35-1 -> -0.061731665 | BE36: =BE35/BD35-1 -> 0.067045475 | BF36: =BF35/BE35-1 -> -0.012128525 | BG36: =BG35/BF35-1 -> -0.016476277 | BH36: =BH35/BG35-1 -> 0.0040508912 | BI36: =BI35/BH35-1 -> -0.027829958 | ... BP36: =BP35/BO35-1 -> 0.002217681 | BQ36: =BQ35/$BP35-1 -> -0.12310435 | BR36: =BR35/$BP35-1 -> -0.057805438 | BS36: =BS35/$BP35-1 -> 0.1356771
A37: Construcción | B37: 623.91329 | C37: 674.52276 | D37: 726.34681 | E37: 684.69958 | F37: 744.71481 | G37: 740.41704 | H37: 729.85866 | I37: 767.39465 | J37: 820.49385 | K37: 864.72051 | L37: 829.08012 | M37: 824.45383 | N37: 859.39649 | O37: 948.71585 | P37: 942.22796 | Q37: 911.05562 | R37: … | S37: 943.47146 | T37: 907.62099 | U37: 887.03904 | V37: 971.78938 | W37: 961.75777 | X37: 969.46605 | Y37: 928.63258 | Z37: 959.69837 | AA37: 937.86273 | AB37: 924.33189 | AC37: 938.90433 | AD37: 948.70005 | AE37: 927.03955 | AF37: 944.53289 | AG37: 969.55331 | AH37: 1062.3459 | AI37: 1015.3674 | AJ37: 1010.0694 | AK37: 994.1477 | AL37: 1008.2168 | AM37: 1019.0741 | AN37: 971.41634 | AO37: 1040.2668 | AP37: 1038.4867 | AQ37: 992.20629 | AR37: 1019.418 | AS37: 973.17431 | AT37: 1010.9256 | AU37: 1046.309 | AV37: 950.0632 | AW37: 1064.7879 | AX37: … | AY37: … | AZ37: … | BA37: 1078.658 | BB37: 1089.8313 | BC37: 1044.8607 | BD37: 1025.5702 | BE37: 1052.0253 | BF37: 1089.7888 | BG37: 1086.8893 | BH37: 1018.5335 | BI37: 1078.9741 | BJ37: 1127.224 | BK37: 1092.546 | BL37: 1025.702 | BM37: 1109.085 | BN37: 1131.6146 | BO37: 1102.906 | BP37: 1007.773 | BQ37: 661.975 | BR37: 919.071 | BS37: 1168.902
C38: =C37/B37-1 -> 0.081116199 | D38: =D37/C37-1 -> 0.076830699 | E38: =E37/D37-1 -> -0.057337942 | F38: =F37/E37-1 -> 0.087651905 | G38: =G37/F37-1 -> -0.0057710212 | H38: =H37/G37-1 -> -0.014260042 | I38: =I37/H37-1 -> 0.051429111 | J38: =J37/I37-1 -> 0.069194127 | ... Q38: =Q37/P37-1 -> -0.033083653 | T38: =T37/S37-1 -> -0.037998463 | U38: =U37/T37-1 -> -0.022676813 | V38: =V37/U37-1 -> 0.095542962 | W38: =W37/V37-1 -> -0.010322822 | X38: =X37/W37-1 -> 0.0080147877 | Y38: =Y37/X37-1 -> -0.042119548 | Z38: =Z37/Y37-1 -> 0.033453261 | AA38: =AA37/Z37-1 -> -0.02275261 | ... AW38: =AW37/AV37-1 -> 0.12075486 | BB38: =BB37/BA37-1 -> 0.010358477 | BC38: =BC37/BB37-1 -> -0.041263771 | BD38: =BD37/BC37-1 -> -0.018462261 | BE38: =BE37/BD37-1 -> 0.025795498 | BF38: =BF37/BE37-1 -> 0.035895998 | BG38: =BG37/BF37-1 -> -0.002660634 | BH38: =BH37/BG37-1 -> -0.062891217 | BI38: =BI37/BH37-1 -> 0.059340847 | ... BP38: =BP37/BO37-1 -> -0.086256671 | BQ38: =BQ37/$BP37-1 -> -0.34313084 | BR38: =BR37/$BP37-1 -> -0.088017837 | BS38: =BS37/$BP37-1 -> 0.1598862
A39: Comercio | B39: 1831.2275 | C39: 1905.6456 | D39: 1897.4507 | E39: 1873.5423 | F39: 1927.6967 | G39: 2030.9124 | H39: 1902.3819 | I39: 1848.2711 | J39: 2026.2693 | K39: 2009.4823 | L39: 1926.6712 | M39: 2030.9294 | N39: 2056.7504 | O39: 2066.4467 | P39: 2024.322 | Q39: 1984.3038 | R39: … | S39: 2001.886 | T39: 2032.6307 | U39: 2070.599 | V39: 2083.6455 | W39: 2096.7724 | X39: 2073.5901 | Y39: 2031.1376 | Z39: 2059.8791 | AA39: 2085.86 | AB39: 2068.7691 | AC39: 2060.45 | AD39: 2118.0582 | AE39: 2101.3165 | AF39: 2159.5968 | AG39: 2192.2887 | AH39: 2085.7766 | AI39: 2111.5828 | AJ39: 2020.6753 | AK39: 2078.3417 | AL39: 2081.3947 | AM39: 2095.9739 | AN39: 2061.0353 | AO39: 2061.2487 | AP39: 2047.0068 | AQ39: 2049.312 | AR39: 1982.4622 | AS39: 1922.7086 | AT39: 1867.7088 | AU39: 2001.1939 | AV39: 1902.5956 | AW39: 1906.1461 | AX39: … | AY39: … | AZ39: … | BA39: 2053.979 | BB39: 2126.0885 | BC39: 2037.82 | BD39: 2050.7995 | BE39: 2112.108 | BF39: 2137.7665 | BG39: 2146.0773 | BH39: 2139.7941 | BI39: 2173.1856 | BJ39: 2211.081 | BK39: 2164.153 | BL39: 2191.236 | BM39: 2221.356 | BN39: 2253.8614 | BO39: 2221.819 | BP39: 2239.307 | BQ39: 1652.157 | BR39: 1907.095 | BS39: 1959.377
C40: =C39/B39-1 -> 0.040638361 | D40: =D39/C39-1 -> -0.0043003149 | E40: =E39/D39-1 -> -0.012600278 | F40: =F39/E39-1 -> 0.0289048 | G40: =G39/F39-1 -> 0.053543566 | H40: =H39/G39-1 -> -0.063287067 | I40: =I39/H39-1 -> -0.028443729 | J40: =J39/I39-1 -> 0.096305221 | ... Q40: =Q39/P39-1 -> -0.019768725 | T40: =T39/S39-1 -> 0.015357855 | U40: =U39/T39-1 -> 0.018679416 | V40: =V39/U39-1 -> 0.0063008277 | W40: =W39/V39-1 -> 0.0062999905 | X40: =X39/W39-1 -> -0.011056205 | Y40: =Y39/X39-1 -> -0.020472957 | Z40: =Z39/Y39-1 -> 0.014150469 | AA40: =AA39/Z39-1 -> 0.012612823 | ... AW40: =AW39/AV39-1 -> 0.0018661333 | BB40: =BB39/BA39-1 -> 0.035107242 | BC40: =BC39/BB39-1 -> -0.041516854 | BD40: =BD39/BC39-1 -> 0.0063692875 | BE40: =BE39/BD39-1 -> 0.029894919 | BF40: =BF39/BE39-1 -> 0.012148324 | BG40: =BG39/BF39-1 -> 0.0038875811 | BH40: =BH39/BG39-1 -> -0.002927765 | BI40: =BI39/BH39-1 -> 0.01560503 | ... BP40: =BP39/BO39-1 -> 0.0078710282 | BQ40: =BQ39/$BP39-1 -> -0.26220165 | BR40: =BR39/$BP39-1 -> -0.14835483 | BS40: =BS39/$BP39-1 -> -0.12500742
A41: Hoteles y restaurantes | B41: 241.12959 | C41: 287.85212 | D41: 325.28055 | E41: 303.35204 | F41: 344.52711 | G41: 317.06107 | H41: 326.42605 | I41: 322.43987 | J41: 323.34487 | K41: 323.85123 | L41: 355.95051 | M41: 348.80195 | N41: 369.30812 | O41: 404.14789 | P41: 398.65234 | Q41: 352.70973 | R41: … | S41: 353.03275 | T41: 393.32051 | U41: 358.68527 | V41: 338.27185 | W41: 432.83881 | X41: 385.08575 | Y41: 371.09894 | Z41: 343.17488 | AA41: 379.00012 | AB41: 449.29471 | AC41: 425.94256 | AD41: 356.96819 | AE41: 371.36102 | AF41: 386.36048 | AG41: 396.82912 | AH41: 435.23788 | AI41: 398.96585 | AJ41: 401.66499 | AK41: 394.90222 | AL41: 410.48836 | AM41: 433.98204 | AN41: 417.63152 | AO41: 384.03978 | AP41: 398.03544 | AQ41: 376.58163 | AR41: 410.97708 | AS41: 384.9207 | AT41: 441.06464 | AU41: 402.39624 | AV41: 427.2233 | AW41: 371.52996 | AX41: … | AY41: … | AZ41: … | BA41: 419.246 | BB41: 420.09842 | BC41: 430.74931 | BD41: 450.02133 | BE41: 460.56129 | BF41: 494.56617 | BG41: 469.82776 | BH41: 517.7664 | BI41: 496.99906 | BJ41: 461.802 | BK41: 465.182 | BL41: 484.067 | BM41: 467.588 | BN41: 416.50758 | BO41: 496.598 | BP41: 490.712 | BQ41: 268.79 | BR41: 395.464 | BS41: 315.725
C42: =C41/B41-1 -> 0.19376523 | D42: =D41/C41-1 -> 0.13002658 | E42: =E41/D41-1 -> -0.067414138 | F42: =F41/E41-1 -> 0.13573362 | G42: =G41/F41-1 -> -0.079720992 | H42: =H41/G41-1 -> 0.02953683 | I42: =I41/H41-1 -> -0.012211589 | J42: =J41/I41-1 -> 0.0028067443 | ... Q42: =Q41/P41-1 -> -0.1152448 | T42: =T41/S41-1 -> 0.11411904 | U42: =U41/T41-1 -> -0.088058561 | V42: =V41/U41-1 -> -0.056911772 | W42: =W41/V41-1 -> 0.27955903 | X42: =X41/W41-1 -> -0.11032526 | Y42: =Y41/X41-1 -> -0.036321285 | Z42: =Z41/Y41-1 -> -0.075246942 | AA42: =AA41/Z41-1 -> 0.10439355 | ... AW42: =AW41/AV41-1 -> -0.1303612 | BB42: =BB41/BA41-1 -> 0.0020332302 | BC42: =BC41/BB41-1 -> 0.025353311 | BD42: =BD41/BC41-1 -> 0.044740679 | BE42: =BE41/BD41-1 -> 0.023421036 | BF42: =BF41/BE41-1 -> 0.07383356 | BG42: =BG41/BF41-1 -> -0.050020429 | BH42: =BH41/BG41-1 -> 0.1020345 | BI42: =BI41/BH41-1 -> -0.040109483 | ... BP42: =BP41/BO41-1 -> -0.011852645 | BQ42: =BQ41/$BP41-1 -> -0.4522449 | BR42: =BR41/$BP41-1 -> -0.19410163 | BS42: =BS41/$BP41-1 -> -0.35659817
A43: Transporte, almacenaje y comunicaciones | B43: 595.14503 | C43: 630.72616 | D43: 606.34471 | E43: 597.02247 | F43: 659.04055 | G43: 675.50162 | H43: 653.20572 | I43: 649.86335 | J43: 671.88094 | K43: 673.01599 | L43: 662.45312 | M43: 652.18233 | N43: 667.51753 | O43: 665.12668 | P43: 688.08708 | Q43: 736.52697 | R43: … | S43: 711.62954 | T43: 706.3898 | U43: 791.0348 | V43: 711.97924 | W43: 728.70012 | X43: 739.16916 | Y43: 736.7001 | Z43: 740.16786 | AA43: 704.03468 | AB43: 705.27085 | AC43: 738.25623 | AD43: 770.6158 | AE43: 736.57295 | AF43: 722.56713 | AG43: 742.97836 | AH43: 714.64651 | AI43: 806.37012 | AJ43: 862.27357 | AK43: 898.00298 | AL43: 922.63134 | AM43: 958.34418 | AN43: 893.27884 | AO43: 867.2923 | AP43: 902.74498 | AQ43: 944.77862 | AR43: 876.15291 | AS43: 905.53824 | AT43: 898.24021 | AU43: 880.07309 | AV43: 908.50354 | AW43: 944.69778 | AX43: … | AY43: … | AZ43: … | BA43: 871.321 | BB43: 806.15565 | BC43: 833.91658 | BD43: 858.57648 | BE43: 853.36039 | BF43: 831.26382 | BG43: 859.67867 | BH43: 856.68604 | BI43: 859.89753 | BJ43: 830.778 | BK43: 844.115 | BL43: 857.353 | BM43: 896.133 | BN43: 912.60488 | BO43: 925.477 | BP43: 875.808 | BQ43: 695.003 | BR43: 794.545 | BS43: 780.936
C44: =C43/B43-1 -> 0.059785639 | D44: =D43/C43-1 -> -0.03865615 | E44: =E43/D43-1 -> -0.015374492 | F44: =F43/E43-1 -> 0.10387898 | G44: =G43/F43-1 -> 0.024977322 | H44: =H43/G43-1 -> -0.033006437 | I44: =I43/H43-1 -> -0.0051168682 | J44: =J43/I43-1 -> 0.033880331 | ... Q44: =Q43/P43-1 -> 0.070397911 | T44: =T43/S43-1 -> -0.0073630246 | U44: =U43/T43-1 -> 0.11982761 | V44: =V43/U43-1 -> -0.099939417 | W44: =W43/V43-1 -> 0.023485065 | X44: =X43/W43-1 -> 0.014366725 | Y44: =Y43/X43-1 -> -0.0033403127 | Z44: =Z43/Y43-1 -> 0.0047071538 | AA44: =AA43/Z43-1 -> -0.048817551 | ... AW44: =AW43/AV43-1 -> 0.039839399 | BB44: =BB43/BA43-1 -> -0.074789138 | BC44: =BC43/BB43-1 -> 0.034436192 | BD44: =BD43/BC43-1 -> 0.029571179 | BE44: =BE43/BD43-1 -> -0.0060752795 | BF44: =BF43/BE43-1 -> -0.025893601 | BG44: =BG43/BF43-1 -> 0.034182716 | BH44: =BH43/BG43-1 -> -0.003481103 | BI44: =BI43/BH43-1 -> 0.00374874 | ... BP44: =BP43/BO43-1 -> -0.053668541 | BQ44: =BQ43/$BP43-1 -> -0.20644365 | BR44: =BR43/$BP43-1 -> -0.092786318 | BS44: =BS43/$BP43-1 -> -0.10832511
A45: Serv financieros, inmobiliarios, alquileres y empresariales | B45: 810.69776 | C45: 860.96903 | D45: 889.80288 | E45: 841.78702 | F45: 820.75936 | G45: 902.23973 | H45: 950.92779 | I45: 948.25539 | J45: 954.57778 | K45: 934.14303 | L45: 971.94187 | M45: 1031.9039 | N45: 1017.9888 | O45: 986.37218 | P45: 1045.2278 | Q45: 1065.3207 | R45: … | S45: 1091.2399 | T45: 1040.843 | U45: 1124.7995 | V45: 1037.8303 | W45: 1019.7114 | X45: 1118.006 | Y45: 1218.6634 | Z45: 1076.307 | AA45: 1078.7428 | AB45: 1072.7334 | AC45: 1199.1325 | AD45: 1140.0911 | AE45: 1148.8905 | AF45: 1162.4643 | AG45: 1218.7544 | AH45: 1106.0489 | AI45: 1120.3853 | AJ45: 1066.1443 | AK45: 1089.2539 | AL45: 1135.945 | AM45: 1153.405 | AN45: 1168.4201 | AO45: 1173.7303 | AP45: 1019.6801 | AQ45: 1067.5072 | AR45: 1097.5394 | AS45: 1029.0309 | AT45: 1049.0875 | AU45: 1092.3274 | AV45: 1098.9314 | AW45: 1018.054 | AX45: … | AY45: … | AZ45: … | BA45: 1116.908 | BB45: 1130.8074 | BC45: 1262.0438 | BD45: 1269.0802 | BE45: 1187.8487 | BF45: 1194.3695 | BG45: 1267.4005 | BH45: 1265.0896 | BI45: 1170.9891 | BJ45: 1186.74 | BK45: 1208.77 | BL45: 1334.374 | BM45: 1264.532 | BN45: 1302.0664 | BO45: 1273.982 | BP45: 1267.876 | BQ45: 1049.478 | BR45: 1100.631 | BS45: 1273.914
C46: =C45/B45-1 -> 0.062009878 | D46: =D45/C45-1 -> 0.033489992 | E46: =E45/D45-1 -> -0.053962353 | F46: =F45/E45-1 -> -0.024979792 | G46: =G45/F45-1 -> 0.099274372 | H46: =H45/G45-1 -> 0.053963559 | I46: =I45/H45-1 -> -0.002810312 | J46: =J45/I45-1 -> 0.0066673904 | ... Q46: =Q45/P45-1 -> 0.019223434 | T46: =T45/S45-1 -> -0.046183181 | U46: =U45/T45-1 -> 0.080662069 | V46: =V45/U45-1 -> -0.077319727 | W46: =W45/V45-1 -> -0.017458506 | X46: =X45/W45-1 -> 0.096394574 | Y46: =Y45/X45-1 -> 0.09003297 | Z46: =Z45/Y45-1 -> -0.11681358 | AA46: =AA45/Z45-1 -> 0.0022631677 | ... AW46: =AW45/AV45-1 -> -0.073596439 | BB46: =BB45/BA45-1 -> 0.01244452 | BC46: =BC45/BB45-1 -> 0.1160555 | BD46: =BD45/BC45-1 -> 0.0055753589 | BE46: =BE45/BD45-1 -> -0.064008117 | BF46: =BF45/BE45-1 -> 0.0054895809 | BG46: =BG45/BF45-1 -> 0.061146075 | BH46: =BH45/BG45-1 -> -0.0018233226 | BI46: =BI45/BH45-1 -> -0.074382469 | ... BP46: =BP45/BO45-1 -> -0.0047928464 | BQ46: =BQ45/$BP45-1 -> -0.17225502 | BR46: =BR45/$BP45-1 -> -0.13190959 | BS46: =BS45/$BP45-1 -> 0.0047622954
A47: Enseñanza | B47: 790.48424 | C47: 746.15602 | D47: 683.91755 | E47: 757.31981 | F47: 751.11659 | G47: 699.79171 | H47: 676.02479 | I47: 753.46727 | J47: 744.41036 | K47: 798.63846 | L47: 751.68516 | M47: 783.48288 | N47: 830.67463 | O47: 827.6241 | P47: 707.61147 | Q47: 802.7285 | R47: … | S47: 797.4397 | T47: 797.80461 | U47: 785.7904 | V47: 774.55252 | W47: 821.18574 | X47: 825.81126 | Y47: 869.43844 | Z47: 820.29019 | AA47: 829.82561 | AB47: 846.83194 | AC47: 834.99181 | AD47: 833.80003 | AE47: 851.88689 | AF47: 844.94945 | AG47: 871.14008 | AH47: 882.87948 | AI47: 836.83483 | AJ47: 840.47961 | AK47: 860.03904 | AL47: 874.47418 | AM47: 918.08315 | AN47: 879.0634 | AO47: 904.0292 | AP47: 910.19249 | AQ47: 862.86125 | AR47: 885.18637 | AS47: 908.24047 | AT47: 893.95926 | AU47: 869.13258 | AV47: 879.91856 | AW47: 904.43109 | AX47: … | AY47: … | AZ47: … | BA47: 921.543 | BB47: 926.8628 | BC47: 948.991 | BD47: 908.19486 | BE47: 953.7773 | BF47: 966.90812 | BG47: 1002.6219 | BH47: 963.61474 | BI47: 987.51052 | BJ47: 1014.005 | BK47: 985.807 | BL47: 919.002 | BM47: 1052.024 | BN47: 1029.9458 | BO47: 1001.928 | BP47: 947.763 | BQ47: 965.892 | BR47: 1005.015 | BS47: 992.067
C48: =C47/B47-1 -> -0.056077292 | D48: =D47/C47-1 -> -0.083412146 | E48: =E47/D47-1 -> 0.10732618 | F48: =F47/E47-1 -> -0.0081910083 | G48: =G47/F47-1 -> -0.068331447 | H48: =H47/G47-1 -> -0.033962849 | I48: =I47/H47-1 -> 0.11455568 | J48: =J47/I47-1 -> -0.012020317 | ... Q48: =Q47/P47-1 -> 0.13441986 | T48: =T47/S47-1 -> 0.00045760714 | U48: =U47/T47-1 -> -0.015059096 | V48: =V47/U47-1 -> -0.014301361 | W48: =W47/V47-1 -> 0.060206653 | X48: =X47/W47-1 -> 0.0056327347 | Y48: =Y47/X47-1 -> 0.052829483 | Z48: =Z47/Y47-1 -> -0.056528728 | AA48: =AA47/Z47-1 -> 0.011624444 | ... AW48: =AW47/AV47-1 -> 0.027857725 | BB48: =BB47/BA47-1 -> 0.0057727066 | BC48: =BC47/BB47-1 -> 0.023874301 | BD48: =BD47/BC47-1 -> -0.042988966 | BE48: =BE47/BD47-1 -> 0.050190156 | BF48: =BF47/BE47-1 -> 0.013767181 | BG48: =BG47/BF47-1 -> 0.036936111 | BH48: =BH47/BG47-1 -> -0.038905203 | BI48: =BI47/BH47-1 -> 0.024798061 | ... BP48: =BP47/BO47-1 -> -0.054060771 | BQ48: =BQ47/$BP47-1 -> 0.0191282 | BR48: =BR47/$BP47-1 -> 0.060407507 | BS48: =BS47/$BP47-1 -> 0.046745864
A49: Servicios sociales y de salud | B49: 676.86324 | C49: 658.21527 | D49: 629.11469 | E49: 617.01179 | F49: 698.99081 | G49: 635.44573 | H49: 643.19485 | I49: 642.27608 | J49: 634.91778 | K49: 648.18478 | L49: 640.63086 | M49: 636.95775 | N49: 605.28886 | O49: 579.60571 | P49: 620.06538 | Q49: 629.05223 | R49: … | S49: 557.93796 | T49: 591.36631 | U49: 612.02565 | V49: 576.08934 | W49: 621.35265 | X49: 646.29035 | Y49: 609.98212 | Z49: 599.97974 | AA49: 605.36409 | AB49: 649.12598 | AC49: 599.27208 | AD49: 591.80028 | AE49: 559.88866 | AF49: 577.62838 | AG49: 596.93226 | AH49: 590.77252 | AI49: 602.786 | AJ49: 625.5865 | AK49: 617.63314 | AL49: 634.14766 | AM49: 583.45382 | AN49: 619.52555 | AO49: 636.9576 | AP49: 666.53406 | AQ49: 628.52396 | AR49: 614.70356 | AS49: 586.09823 | AT49: 648.91088 | AU49: 621.34966 | AV49: 646.74862 | AW49: 628.31662 | AX49: … | AY49: … | AZ49: … | BA49: 681.474 | BB49: 734.69131 | BC49: 766.89087 | BD49: 744.62165 | BE49: 701.31418 | BF49: 717.44272 | BG49: 743.47615 | BH49: 739.44019 | BI49: 733.92968 | BJ49: 745.839 | BK49: 694.157 | BL49: 735.185 | BM49: 763.344 | BN49: 806.05536 | BO49: 805.993 | BP49: 762.943 | BQ49: 711.717 | BR49: 778.042 | BS49: 846.455
C50: =C49/B49-1 -> -0.027550581 | D50: =D49/C49-1 -> -0.044211341 | E50: =E49/D49-1 -> -0.019237982 | F50: =F49/E49-1 -> 0.13286459 | G50: =G49/F49-1 -> -0.090909744 | H50: =H49/G49-1 -> 0.012194767 | I50: =I49/H49-1 -> -0.0014284478 | J50: =J49/I49-1 -> -0.011456595 | ... Q50: =Q49/P49-1 -> 0.014493399 | T50: =T49/S49-1 -> 0.059914103 | U50: =U49/T49-1 -> 0.034934935 | V50: =V49/U49-1 -> -0.058717 | W50: =W49/V49-1 -> 0.07856995 | X50: =X49/W49-1 -> 0.04013453 | Y50: =Y49/X49-1 -> -0.056179438 | Z50: =Z49/Y49-1 -> -0.016397826 | AA50: =AA49/Z49-1 -> 0.0089742242 | ... AW50: =AW49/AV49-1 -> -0.028499491 | BB50: =BB49/BA49-1 -> 0.078091474 | BC50: =BC49/BB49-1 -> 0.043827339 | BD50: =BD49/BC49-1 -> -0.029038323 | BE50: =BE49/BD49-1 -> -0.058160373 | BF50: =BF49/BE49-1 -> 0.022997596 | BG50: =BG49/BF49-1 -> 0.036286427 | BH50: =BH49/BG49-1 -> -0.0054284996 | BI50: =BI49/BH49-1 -> -0.0074522775 | ... BP50: =BP49/BO49-1 -> -0.053412375 | BQ50: =BQ49/$BP49-1 -> -0.067142631 | BR50: =BR49/$BP49-1 -> 0.019790469 | BS50: =BS49/$BP49-1 -> 0.10946034
A51: Trabajo doméstico | B51: 686.87303 | C51: 656.81185 | D51: 649.12469 | E51: 695.08364 | F51: 692.13124 | G51: 719.06907 | H51: 726.34694 | I51: 729.71464 | J51: 740.94417 | K51: 761.39575 | L51: 777.64727 | M51: 764.30994 | N51: 786.64657 | O51: 818.48285 | P51: 805.86886 | Q51: 806.49534 | R51: … | S51: 801.59473 | T51: 809.54092 | U51: 786.11119 | V51: 815.98966 | W51: 767.63827 | X51: 821.90315 | Y51: 826.89657 | Z51: 827.23026 | AA51: 781.87003 | AB51: 768.25302 | AC51: 829.438 | AD51: 874.90527 | AE51: 764.77538 | AF51: 743.87868 | AG51: 816.09265 | AH51: 848.96968 | AI51: 821.9324 | AJ51: 798.21553 | AK51: 849.37949 | AL51: 875.064 | AM51: 816.89376 | AN51: 779.6048 | AO51: 845.95997 | AP51: 823.72762 | AQ51: 838.08417 | AR51: 775.08538 | AS51: 817.26379 | AT51: 835.69699 | AU51: 803.26218 | AV51: 797.62966 | AW51: 830.54123 | AX51: … | AY51: … | AZ51: … | BA51: 877.482 | BB51: 894.48627 | BC51: 900.29664 | BD51: 832.94226 | BE51: 844.09281 | BF51: 912.48798 | BG51: 895.59831 | BH51: 865.06197 | BI51: 867.7384 | BJ51: 906.809 | BK51: 924.775 | BL51: 956.03 | BM51: 940.097 | BN51: 890.49133 | BO51: 930.855 | BP51: 926.522 | BQ51: 582.939 | BR51: 668.488 | BS51: 729.88
C52: =C51/B51-1 -> -0.043765274 | D52: =D51/C51-1 -> -0.011703738 | E52: =E51/D51-1 -> 0.070801422 | F52: =F51/E51-1 -> -0.0042475523 | G52: =G51/F51-1 -> 0.03892012 | H52: =H51/G51-1 -> 0.010121231 | I52: =I51/H51-1 -> 0.004636498 | J52: =J51/I51-1 -> 0.015388926 | ... Q52: =Q51/P51-1 -> 0.0007773928 | T52: =T51/S51-1 -> 0.0099129698 | U52: =U51/T51-1 -> -0.028941988 | V52: =V51/U51-1 -> 0.038007939 | W52: =W51/V51-1 -> -0.059254901 | X52: =X51/W51-1 -> 0.070690683 | Y52: =Y51/X51-1 -> 0.0060754415 | Z52: =Z51/Y51-1 -> 0.00040354495 | AA52: =AA51/Z51-1 -> -0.054833865 | ... AW52: =AW51/AV51-1 -> 0.041261719 | BB52: =BB51/BA51-1 -> 0.019378485 | BC52: =BC51/BB51-1 -> 0.0064957599 | BD52: =BD51/BC51-1 -> -0.074813543 | BE52: =BE51/BD51-1 -> 0.013386949 | BF52: =BF51/BE51-1 -> 0.081028012 | BG52: =BG51/BF51-1 -> -0.018509467 | BH52: =BH51/BG51-1 -> -0.034096022 | BI52: =BI51/BH51-1 -> 0.0030939134 | ... BP52: =BP51/BO51-1 -> -0.0046548603 | BQ52: =BQ51/$BP51-1 -> -0.37083091 | BR52: =BR51/$BP51-1 -> -0.27849743 | BS52: =BS51/$BP51-1 -> -0.21223673
A53: Otros servicios comunitarios, sociales y personales 5 | B53: 1266.0377 | C53: 1337.0987 | D53: 1349.3184 | E53: 1375.4097 | F53: 1338.0471 | G53: 1332.2045 | H53: 1299.9317 | I53: 1403.3848 | J53: 1357.9322 | K53: 1345.7309 | L53: 1373.1339 | M53: 1399.5836 | N53: 1309.8731 | O53: 1338.0626 | P53: 1364.365 | Q53: 1386.4056 | R53: … | S53: 1353.8672 | T53: 1359.9794 | U53: 1316.4923 | V53: 1375.6074 | W53: 1354.5434 | X53: 1380.2487 | Y53: 1377.1946 | Z53: 1445.9429 | AA53: 1503.5964 | AB53: 1451.0592 | AC53: 1442.1834 | AD53: 1418.0037 | AE53: 1523.0501 | AF53: 1538.0718 | AG53: 1490.2966 | AH53: 1521.5926 | AI53: 1525.7998 | AJ53: 1552.3796 | AK53: 1612.1777 | AL53: 1576.0018 | AM53: 1535.2318 | AN53: 1523.6988 | AO53: 1585.315 | AP53: 1668.6656 | AQ53: 1687.5913 | AR53: 1657.8129 | AS53: 1693.439 | AT53: 1595.5611 | AU53: 1719.2845 | AV53: 1684.7912 | AW53: 1684.4104 | AX53: … | AY53: … | AZ53: … | BA53: 1543.445 | BB53: 1591.4802 | BC53: 1599.0385 | BD53: 1549.6503 | BE53: 1567.1354 | BF53: 1652.8842 | BG53: 1790.9229 | BH53: 1681.9015 | BI53: 1596.9276 | BJ53: 1575.034 | BK53: 1746.634 | BL53: 1720.169 | BM53: 1608.756 | BN53: 1618.4983 | BO53: 1769.66 | BP53: 1836.633 | BQ53: 1438.197 | BR53: 1508.97 | BS53: 1634.913
C54: =C53/B53-1 -> 0.056128619 | D54: =D53/C53-1 -> 0.009138992 | E54: =E53/D53-1 -> 0.019336644 | F54: =F53/E53-1 -> -0.02716474 | G54: =G53/F53-1 -> -0.0043664831 | H54: =H53/G53-1 -> -0.0242251 | I54: =I53/H53-1 -> 0.07958345 | J54: =J53/I53-1 -> -0.032387829 | ... Q54: =Q53/P53-1 -> 0.016154475 | T54: =T53/S53-1 -> 0.0045146495 | U54: =U53/T53-1 -> -0.031976333 | V54: =V53/U53-1 -> 0.04490349 | W54: =W53/V53-1 -> -0.015312486 | X54: =X53/W53-1 -> 0.01897708 | Y54: =Y53/X53-1 -> -0.0022127281 | Z54: =Z53/Y53-1 -> 0.049919102 | AA54: =AA53/Z53-1 -> 0.039872584 | ... AW54: =AW53/AV53-1 -> -0.00022604462 | BB54: =BB53/BA53-1 -> 0.031122061 | BC54: =BC53/BB53-1 -> 0.004749223 | BD54: =BD53/BC53-1 -> -0.030886147 | BE54: =BE53/BD53-1 -> 0.011283214 | BF54: =BF53/BE53-1 -> 0.054716921 | BG54: =BG53/BF53-1 -> 0.083513838 | BH54: =BH53/BG53-1 -> -0.060874435 | BI54: =BI53/BH53-1 -> -0.050522511 | ... BP54: =BP53/BO53-1 -> 0.037845123 | BQ54: =BQ53/$BP53-1 -> -0.21693828 | BR54: =BR53/$BP53-1 -> -0.17840418 | BS54: =BS53/$BP53-1 -> -0.10983141
A55: Otras ramas | B55: 60.811166 | C55: 47.269071 | D55: 43.301478 | E55: 49.872002 | F55: 43.222008 | G55: 45.975845 | H55: 51.37178 | I55: 41.023185 | J55: 52.986115 | K55: 54.601412 | L55: 49.995573 | M55: 47.723758 | N55: 45.763085 | O55: 46.837029 | P55: 56.635509 | Q55: 51.370065 | R55: … | S55: 59.996404 | T55: 58.11897 | U55: 60.145157 | V55: 65.423203 | W55: 63.712994 | X55: 61.384892 | Y55: 57.44202 | Z55: 53.829298 | AA55: 50.650805 | AB55: 51.371621 | AC55: 56.301143 | AD55: 66.201225 | AE55: 54.844087 | AF55: 70.40052 | AG55: 75.006895 | AH55: 66.090903 | AI55: 69.992785 | AJ55: 108.55147 | AK55: 104.37048 | AL55: 97.227849 | AM55: 107.10257 | AN55: 109.77499 | AO55: 124.79585 | AP55: 134.20596 | AQ55: 148.74487 | AR55: 163.64642 | AS55: 154.93199 | AT55: 125.08344 | AU55: 134.29666 | AV55: 155.16447 | AW55: 127.84412 | AX55: … | AY55: … | AZ55: … | BA55: 117.323 | BB55: 125.52608 | BC55: 112.56769 | BD55: 102.64413 | BE55: 96.548855 | BF55: 113.93625 | BG55: 115.59147 | BH55: 112.2817 | BI55: 111.23342 | BJ55: 116.553 | BK55: 98.73 | BL55: 96.52 | BM55: 113.19 | BN55: 100.7332 | BO55: 88.929 | BP55: 123.278 | BQ55: 144.322 | BR55: 88.935 | BS55: 64.581
A56: Sin especificar | B56: 33.302006 | C56: 24.181269 | D56: 26.475343 | E56: 20.124719 | F56: 9.9314883 | G56: 34.670677 | H56: 19.093737 | I56: 15.858921 | J56: 17.111249 | K56: 25.942302 | L56: 20.093229 | M56: 9.6659086 | N56: 21.267706 | O56: 25.442374 | P56: 18.929432 | Q56: 37.004263 | R56: … | S56: 54.04079 | T56: 63.085423 | U56: 53.518084 | V56: 82.34594 | W56: 36.931114 | X56: 28.159804 | Y56: 34.663446 | Z56: 68.344789 | AA56: 82.246547 | AB56: 55.577305 | AC56: 47.038325 | AD56: 54.715411 | AE56: 72.873326 | AF56: 58.799568 | AG56: 61.987314 | AH56: 65.713135 | AI56: 64.113703 | AJ56: 84.643276 | AK56: 77.099007 | AL56: 58.781237 | AM56: 73.325468 | AN56: 68.854605 | AO56: 70.877298 | AP56: 108.24803 | AQ56: 118.35652 | AR56: 82.982436 | AS56: 75.227987 | AT56: 87.935412 | AU56: 75.791375 | AV56: 90.170782 | AW56: 90.348988 | AX56: … | AY56: … | AZ56: … | BA56: 155.284 | BB56: 184.56461 | BC56: 131.02656 | BD56: 243.76387 | BE56: 156.68808 | BF56: 180.04224 | BG56: 158.49122 | BH56: 202.43228 | BI56: 222.16992 | BJ56: 229.418 | BK56: 186.105 | BL56: 155.962 | BM56: 121.879 | BN56: 111.619 | BP56: 109.694 | BQ56: 111.5 | BR56: 129.544 | BS56: 142.288
A57: Tamaño del establecimiento
A58: Hasta 5 personas | B58: 4292.4505 | C58: 4428.0736 | D58: 4394.6558 | E58: 4453.1988 | F58: 4555.4476 | G58: 4583.077 | H58: 4514.3739 | I58: 4508.0846 | J58: 4652.2354 | K58: 4607.3192 | L58: 4453.0447 | M58: 4705.801 | N58: 4617.2422 | O58: 4701.2279 | P58: 4646.7273 | Q58: 4598.3684 | R58: … | S58: 4633.6003 | T58: 4509.3694 | U58: 4650.7913 | V58: 4682.3524 | W58: 4662.823 | X58: 4720.4783 | Y58: 4773.9515 | Z58: 4753.7734 | AA58: 4899.4869 | AB58: 4741.9063 | AC58: 4795.5035 | AD58: 4829.2394 | AE58: 4622.4406 | AF58: 4685.781 | AG58: 4889.2869 | AH58: 4779.2124 | AI58: 4692.1909 | AJ58: 4626.2208 | AK58: 4819.075 | AL58: 4934.4631 | AM58: 4868.8164 | AN58: 4756.3722 | AO58: 5057.638 | AP58: 4956.7086 | AQ58: 4903.1749 | AR58: 4713.2194 | AS58: 4775.1893 | AT58: 4824.9453 | AU58: 4928.5936 | AV58: 4649.042 | AW58: 4694.5367 | AX58: … | AY58: … | AZ58: … | BA58: 4994.5255 | BB58: 5094.2673 | BC58: 5015.3935 | BD58: 5024.4229 | BE58: 4963.8692 | BF58: 5215.2837 | BG58: 5325.5232 | BH58: 5144.5037 | BI58: 5290.036 | BJ58: 5341.253 | BK58: 5348.845 | BL58: 5329.955 | BM58: 5501.24 | BN58: 5613.8722 | BO58: 5666.119 | BP58: 5491.619 | BQ58: 3720.583 | BR58: 4838.66 | BS58: 5504.199
A59: De 6 a 40 personas | B59: 2186.5295 | C59: 2112.4816 | D59: 2273.7037 | E59: 2264.7394 | F59: 2220.3906 | G59: 2381.5288 | H59: 2212.6046 | I59: 2306.7682 | J59: 2378.7017 | K59: 2485.311 | L59: 2496.0555 | M59: 2473.63 | N59: 2498.1308 | O59: 2542.1185 | P59: 2625.4307 | Q59: 2601.7447 | R59: … | S59: 2393.8306 | T59: 2527.174 | U59: 2484.3211 | V59: 2450.7904 | W59: 2724.3875 | X59: 2612.7319 | Y59: 2496.7562 | Z59: 2527.5221 | AA59: 2522.4034 | AB59: 2641.7354 | AC59: 2603.1738 | AD59: 2631.0031 | AE59: 2704.1068 | AF59: 2755.9477 | AG59: 2672.7214 | AH59: 2799.453 | AI59: 2768.4637 | AJ59: 2660.532 | AK59: 2647.2928 | AL59: 2638.6871 | AM59: 2654.5553 | AN59: 2562.249 | AO59: 2524.1709 | AP59: 2603.9656 | AQ59: 2484.3688 | AR59: 2587.794 | AS59: 2484.742 | AT59: 2476.0914 | AU59: 2558.1144 | AV59: 2588.2341 | AW59: 2548.9453 | AX59: … | AY59: … | AZ59: … | BA59: 2756.3196 | BB59: 2619.0094 | BC59: 2663.1383 | BD59: 2556.3394 | BE59: 2777.6772 | BF59: 2849.6769 | BG59: 2871.8095 | BH59: 2731.1592 | BI59: 2756.7069 | BJ59: 2725.087 | BK59: 2629.58 | BL59: 2708.15 | BM59: 2745.107 | BN59: 2635.7501 | BO59: 2622.606 | BP59: 2568.118 | BQ59: 2040.207 | BR59: 2217.766 | BS59: 2302.776
A60: Más de 40 personas | B60: 1922.5626 | C60: 2066.7419 | D60: 2047.1771 | E60: 2034.9208 | F60: 2125.7555 | G60: 2088.5772 | H60: 2185.1117 | I60: 2179.3473 | J60: 2298.0934 | K60: 2361.5359 | L60: 2389.2454 | M60: 2468.4742 | N60: 2522.9211 | O60: 2424.2572 | P60: 2424.0874 | Q60: 2517.0765 | R60: … | S60: 2387.8932 | T60: 2495.8074 | U60: 2541.8054 | V60: 2500.9887 | W60: 2816.1767 | X60: 2835.1973 | Y60: 2766.0285 | Z60: 2673.1281 | AA60: 2793.3491 | AB60: 2795.589 | AC60: 2790.3873 | AD60: 2851.9513 | AE60: 2984.9536 | AF60: 2909.3429 | AG60: 3019.4889 | AH60: 2976.7514 | AI60: 3080.288 | AJ60: 3033.123 | AK60: 2913.0208 | AL60: 3003.3067 | AM60: 3034.3778 | AN60: 3117.9287 | AO60: 3029.2037 | AP60: 3003.1859 | AQ60: 3044.885 | AR60: 2994.8865 | AS60: 3094.6516 | AT60: 3025.7488 | AU60: 3148.8228 | AV60: 3055.5939 | AW60: 3015.5353 | AX60: … | AY60: … | AZ60: … | BA60: 2883.6079 | BB60: 2917.414 | BC60: 2964.3861 | BD60: 2997.8595 | BE60: 2953.5955 | BF60: 2964.3273 | BG60: 3136.5932 | BH60: 3097.572 | BI60: 3063.4387 | BJ60: 2967.719 | BK60: 2923.959 | BL60: 3025.503 | BM60: 3086.435 | BN60: 3184.0684 | BO60: 3158.868 | BP60: 3233.129 | BQ60: 3159.502 | BR60: 3064.69 | BS60: 3070.43
A61: Sin especificar | B61: 621.76775 | C61: 643.06628 | D61: 542.98748 | E61: 611.83503 | F61: 654.44134 | G61: 617.35216 | H61: 608.13379 | I61: 642.37413 | J61: 582.30976 | K61: 560.73794 | L61: 561.92146 | M61: 510.29232 | N61: 522.08031 | O61: 630.30436 | P61: 545.94129 | Q61: 670.62104 | R61: … | S61: 958.6491 | T61: 831.97779 | U61: 761.08201 | V61: 792.09097 | W61: 465.27725 | X61: 479.71303 | Y61: 555.01955 | Z61: 571.62892 | AA61: 474.7992 | AB61: 505.3865 | AC61: 581.47271 | AD61: 497.09798 | AE61: 515.56018 | AF61: 487.50286 | AG61: 514.38982 | AH61: 615.87252 | AI61: 565.04453 | AJ61: 641.0059 | AK61: 758.37587 | AL61: 709.27448 | AM61: 712.12663 | AN61: 638.15626 | AO61: 725.7503 | AP61: 766.65959 | AQ61: 872.15163 | AR61: 798.66871 | AS61: 656.32337 | AT61: 695.61768 | AU61: 617.42574 | AV61: 809.34667 | AW61: 892.01715 | AX61: … | AY61: … | AZ61: … | BA61: 837.94598 | BB61: 983.52728 | BC61: 953.8324 | BD61: 882.20047 | BE61: 815.90621 | BF61: 781.51336 | BG61: 677.40212 | BH61: 893.14704 | BI61: 647.4176 | BJ61: 787.965 | BK61: 891.013 | BL61: 883.709 | BM61: 740.611 | BN61: 675.34157 | BO61: 792.526 | BP61: 752.334 | BQ61: 625.788 | BR61: 536.733 | BS61: 646.244
A62: Calificación de la tarea
A63: Profesional | B63: 841.80434 | C63: 862.69296 | D63: 861.3757 | E63: 875.86081 | F63: 859.17249 | G63: 894.30067 | H63: 896.421 | I63: 866.70546 | J63: 962.83692 | K63: 907.64533 | L63: 879.49701 | M63: 884.48555 | N63: 915.58661 | O63: 884.21426 | P63: 955.74759 | Q63: 935.85695 | R63: … | S63: 1022.1043 | T63: 1032.1009 | U63: 1011.6957 | V63: 918.16793 | W63: 1073.4245 | X63: 1057.9408 | Y63: 1055.8293 | Z63: 1028.7789 | AA63: 1041.2167 | AB63: 1073.4011 | AC63: 1073.1849 | AD63: 1122.6036 | AE63: 1076.6208 | AF63: 1075.7962 | AG63: 1041.0663 | AH63: 1112.5525 | AI63: 1103.4457 | AJ63: 1095.5238 | AK63: 1074.5862 | AL63: 1021.3327 | AM63: 1039.0546 | AN63: 1095.3067 | AO63: 1104.712 | AP63: 901.80319 | AQ63: 900.59298 | AR63: 828.69751 | AS63: 858.18193 | AT63: 1029.194 | AU63: 939.10781 | AV63: 991.1339 | AW63: 969.7169 | AX63: … | AY63: … | AZ63: … | BA63: 1144.5421 | BB63: 1158.0021 | BC63: 1176.4497 | BD63: 1097.5976 | BE63: 1105.6957 | BF63: 1051.5121 | BG63: 1163.8845 | BH63: 1135.3127 | BI63: 1163.5947 | BJ63: 1218.698 | BK63: 1180.7398 | BL63: 1170.5445 | BM63: 1282.3862 | BN63: 1326.0968 | BO63: 1363.2704 | BP63: 1258.1212 | BQ63: 994.99735 | BR63: 1061.0981 | BS63: 1118.0293
A64: Técnica | B64: 1568.6036 | C64: 1579.9802 | D64: 1473.0295 | E64: 1566.3553 | F64: 1554.6101 | G64: 1563.5623 | H64: 1393.6446 | I64: 1515.916 | J64: 1676.1699 | K64: 1674.1569 | L64: 1587.0697 | M64: 1675.9482 | N64: 1687.3313 | O64: 1644.1039 | P64: 1704.4476 | Q64: 1811.7777 | R64: … | S64: 1763.3567 | T64: 1765.9982 | U64: 1846.6254 | V64: 1763.04 | W64: 1865.1004 | X64: 1851.8236 | Y64: 1867.8597 | Z64: 1904.8513 | AA64: 1837.7274 | AB64: 1859.6064 | AC64: 1991.7223 | AD64: 1813.8279 | AE64: 1936.8656 | AF64: 1867.2828 | AG64: 2055.9852 | AH64: 1962.0269 | AI64: 1944.7721 | AJ64: 1895.9459 | AK64: 1978.4447 | AL64: 2023.7436 | AM64: 2018.5892 | AN64: 1911.0216 | AO64: 1948.3404 | AP64: 2168.4554 | AQ64: 2109.7236 | AR64: 2053.1468 | AS64: 2031.4533 | AT64: 1871.6814 | AU64: 1981.8038 | AV64: 1872.7663 | AW64: 1846.3833 | AX64: … | AY64: … | AZ64: … | BA64: 2005.1539 | BB64: 2039.825 | BC64: 2083.2149 | BD64: 1999.0281 | BE64: 2037.2816 | BF64: 2015.8061 | BG64: 2203.7282 | BH64: 2118.4359 | BI64: 2183.5279 | BJ64: 2028.3952 | BK64: 2189.5162 | BL64: 2136.4602 | BM64: 2172.7346 | BN64: 2236.2809 | BO64: 2328.0171 | BP64: 2160.7878 | BQ64: 1970.4255 | BR64: 1992.9344 | BS64: 2094.7826
A65: Operativa | B65: 4187.4294 | C65: 4358.7484 | D65: 4562.0885 | E65: 4619.5395 | F65: 4864.4215 | G65: 4789.0391 | H65: 4783.5433 | I65: 4871.7366 | J65: 4794.1287 | K65: 4965.8331 | L65: 4949.9939 | M65: 5171.2496 | N65: 5139.0142 | O65: 5263.5543 | P65: 5094.4403 | Q65: 5207.9162 | R65: … | S65: 5134.7587 | T65: 5127.4401 | U65: 5115.0971 | V65: 5342.0647 | W65: 5356.2632 | X65: 5365.4511 | Y65: 5156.1963 | Z65: 5115.5768 | AA65: 5340.7532 | AB65: 5257.1068 | AC65: 5205.7231 | AD65: 5296.1638 | AE65: 5351.4923 | AF65: 5423.0911 | AG65: 5526.7414 | AH65: 5596.9214 | AI65: 5648.5914 | AJ65: 5647.1573 | AK65: 5514.0343 | AL65: 5531.0479 | AM65: 5791.1779 | AN65: 5565.142 | AO65: 5744.8193 | AP65: 5939.6411 | AQ65: 5894.9149 | AR65: 5976.6247 | AS65: 5774.5527 | AT65: 5749.2135 | AU65: 5933.1081 | AV65: 5899.8102 | AW65: 5986.1489 | AX65: … | AY65: … | AZ65: … | BA65: 5822.0411 | BB65: 5943.0273 | BC65: 5838.8246 | BD65: 5951.4421 | BE65: 5898.1412 | BF65: 6137.7524 | BG65: 6088.0737 | BH65: 6128.619 | BI65: 5996.9411 | BJ65: 5976.158 | BK65: 5883.3712 | BL65: 6069.3117 | BM65: 6086.8656 | BN65: 5976.5752 | BO65: 6018.9158 | BP65: 6008.2979 | BQ65: 4782.3353 | BR65: 5667.3994 | BS65: 5996.1991
A66: Sin calificación | B66: 2425.473 | C66: 2448.9418 | D66: 2362.0304 | E66: 2303.5554 | F66: 2277.8309 | G66: 2423.633 | H66: 2446.6152 | I66: 2382.2162 | J66: 2478.2048 | K66: 2467.2687 | L66: 2483.7064 | M66: 2426.5142 | N66: 2418.4424 | O66: 2506.0354 | P66: 2487.5511 | Q66: 2432.2598 | R66: … | S66: 2454.2222 | T66: 2438.7895 | U66: 2464.5817 | V66: 2402.9498 | W66: 2373.8763 | X66: 2372.9052 | Y66: 2511.8706 | Z66: 2476.8455 | AA66: 2470.3412 | AB66: 2494.5029 | AC66: 2499.9071 | AD66: 2576.6965 | AE66: 2462.0825 | AF66: 2472.4045 | AG66: 2472.8958 | AH66: 2499.7887 | AI66: 2409.1779 | AJ66: 2322.2548 | AK66: 2570.6994 | AL66: 2709.6073 | AM66: 2421.0544 | AN66: 2503.236 | AO66: 2538.8912 | AP66: 2320.6198 | AQ66: 2399.3489 | AR66: 2237.273 | AS66: 2346.7184 | AT66: 2372.3143 | AU66: 2398.9369 | AV66: 2338.5063 | AW66: 2289.6144 | AX66: … | AY66: … | AZ66: … | BA66: 2500.6618 | BB66: 2473.3635 | BC66: 2498.2612 | BD66: 2412.7544 | BE66: 2469.9297 | BF66: 2524.5601 | BG66: 2555.6417 | BH66: 2484.0144 | BI66: 2413.5355 | BJ66: 2598.7728 | BK66: 2539.7697 | BL66: 2571.0006 | BM66: 2531.4066 | BN66: 2570.0794 | BO66: 2529.9158 | BP66: 2617.9932 | BQ66: 1798.3219 | BR66: 1936.4171 | BS66: 2314.6379
A67: Horas trabajadas
A68: Hasta 19 horas | B68: 1401.271 | C68: 1391.0036 | D68: 1242.7583 | E68: 1399.2986 | F68: 1379.3886 | G68: 1338.4575 | H68: 1192.8226 | I68: 1254.9072 | J68: 1302.1978 | K68: 1359.6236 | L68: 1160.2386 | M68: 1410.9118 | N68: 1276.3935 | O68: 1337.3947 | P68: 1143.7722 | Q68: 1359.6642 | R68: … | S68: 1247.28 | T68: 1063.6264 | U68: 1177.5003 | V68: 1218.4775 | W68: 2178.3414 | X68: 1238.6309 | Y68: 1405.8574 | Z68: 1378.4797 | AA68: 1306.1842 | AB68: 1162.6215 | AC68: 1273.2757 | AD68: 1249.5289 | AE68: 1214.9112 | AF68: 1074.8396 | AG68: 1201.5107 | AH68: 1274.8742 | AI68: 1234.1768 | AJ68: 1112.4872 | AK68: 1336.662 | AL68: 1390.7864 | AM68: 1302.9297 | AN68: 1168.2951 | AO68: 1395.659 | AP68: 1268.501 | AQ68: 1274.5148 | AR68: 1141.8454 | AS68: 1286.512 | AT68: 1252.3736 | AU68: 1332.6197 | AV68: 1205.6145 | AW68: 1337.6989 | AX68: … | AY68: … | AZ68: … | BA68: 1546.5464 | BB68: 1495.4961 | BC68: 1540.6158 | BD68: 1382.9035 | BE68: 1602.3701 | BF68: 1593.0125 | BG68: 1607.7978 | BH68: 1455.8039 | BI68: 1702.1652 | BJ68: 1642.24 | BK68: 1667.775 | BL68: 11947.317 | BM68: 1927.974 | BN68: 1841.164 | BO68: 1833.351 | BP68: 1792.441 | BQ68: 1555.028 | BR68: 1909.713 | BS68: 2009.478
A69: De 20 a 34 horas | B69: 2097.3012 | C69: 2158.7357 | D69: 1929.5149 | E69: 2137.2116 | F69: 2101.79 | G69: 2116.6299 | H69: 1823.0672 | I69: 2091.9465 | J69: 2100.9544 | K69: 2066.7605 | L69: 1845.9665 | M69: 2159.0057 | N69: 2092.309 | O69: 2070.1612 | P69: 1777.6465 | Q69: 2075.7053 | R69: … | S69: 1974.707 | T69: 1907.0719 | U69: 2073.1633 | V69: 2000.791 | W69: 3280.9277 | X69: 2011.8877 | Y69: 2175.334 | Z69: 2197.911 | AA69: 2122.2259 | AB69: 1924.8768 | AC69: 2266.0125 | AD69: 2229.7276 | AE69: 2142.2746 | AF69: 2036.5585 | AG69: 2269.8409 | AH69: 2226.1424 | AI69: 2278.9158 | AJ69: 2039.5152 | AK69: 2366.742 | AL69: 2317.5744 | AM69: 2317.8194 | AN69: 2013.3847 | AO69: 2378.7151 | AP69: 2419.8855 | AQ69: 2290.9641 | AR69: 2020.4106 | AS69: 2484.653 | AT69: 2381.7405 | AU69: 2441.7292 | AV69: 2106.2624 | AW69: 2463.8251 | AX69: … | AY69: … | AZ69: … | BA69: 2717.7323 | BB69: 2567.1851 | BC69: 2627.6283 | BD69: 2296.9449 | BE69: 2760.6544 | BF69: 2629.261 | BG69: 2819.0251 | BH69: 2390.7245 | BI69: 2782.7401 | BJ69: 2658.284 | BK69: 2734.108 | BL69: 1661.018 | BM69: 2954.391 | BN69: 2894.5821 | BO69: 2817.082 | BP69: 2563.437 | BQ69: 2124.254 | BR69: 2442.725 | BS69: 2654.569
A70: De 35 a 45 horas | B70: 2232.1562 | C70: 2397.107 | D70: 2173.3095 | E70: 2431.6292 | F70: 2561.3325 | G70: 2681.7126 | H70: 2344.0887 | I70: 2721.9042 | J70: 2693.8573 | K70: 2727.3863 | L70: 2542.022 | M70: 2798.8746 | N70: 2927.1408 | O70: 3024.296 | P70: 2861.2223 | Q70: 3089.9432 | R70: … | S70: 3184.7554 | T70: 2884.692 | U70: 3249.3354 | V70: 3298.8199 | W70: 2675.1296 | X70: 3451.8006 | Y70: 3409.4799 | Z70: 3407.6452 | AA70: 3402.5635 | AB70: 3249.5765 | AC70: 3490.5852 | AD70: 3470.778 | AE70: 3660.3365 | AF70: 3403.2919 | AG70: 3808.7276 | AH70: 3673.7356 | AI70: 3720.4761 | AJ70: 3460.6781 | AK70: 3660.5543 | AL70: 3805.2039 | AM70: 3810.6248 | AN70: 3576.7415 | AO70: 3952.6689 | AP70: 3871.3725 | AQ70: 3940.9616 | AR70: 3693.3756 | AS70: 3770.3497 | AT70: 3831.1088 | AU70: 3947.6625 | AV70: 3577.1512 | AW70: 3967.3737 | AX70: … | AY70: … | AZ70: … | BA70: 3741.2513 | BB70: 3928.6689 | BC70: 3867.6317 | BD70: 3575.7069 | BE70: 3660.0657 | BF70: 3880.589 | BG70: 3947.5133 | BH70: 3672.2216 | BI70: 3798.5359 | BJ70: 3936.313 | BK70: 3848.06 | BL70: 2390.666 | BM70: 3845.868 | BN70: 3894.3566 | BO70: 4002.416 | BP70: 3539.492 | BQ70: 2246.311 | BR70: 2969.215 | BS70: 3324.493
A71: De 46 a 60 horas | B71: 2017.9905 | C71: 2075.8348 | D71: 2127.3529 | E71: 2173.4152 | F71: 2234.9041 | G71: 2250.2189 | H71: 2240.0638 | I71: 2348.7415 | J71: 2495.124 | K71: 2493.5382 | L71: 2395.3831 | M71: 2538.7583 | N71: 2565.7392 | O71: 2548.5295 | P71: 2420.6302 | Q71: 2627.7339 | R71: … | S71: 2648.8191 | T71: 2540.3785 | U71: 2758.887 | V71: 2782.2446 | W71: 920.11609 | X71: 2719.8911 | Y71: 2519.7991 | Z71: 2644.7266 | AA71: 2640.581 | AB71: 2546.5754 | AC71: 2604.8035 | AD71: 2678.2863 | AE71: 2676.9074 | AF71: 2535.9005 | AG71: 2713.4538 | AH71: 2816.4398 | AI71: 2769.7296 | AJ71: 2558.7253 | AK71: 2668.5588 | AL71: 2649.9452 | AM71: 2727.1991 | AN71: 2601.7703 | AO71: 2624.6515 | AP71: 2633.5507 | AQ71: 2702.3809 | AR71: 2552.1342 | AS71: 2485.0757 | AT71: 2569.3724 | AU71: 2479.0824 | AV71: 2561.3585 | AW71: 2493.4962 | AX71: … | AY71: … | AZ71: … | BA71: 2393.8473 | BB71: 2539.3482 | BC71: 2531.0066 | BD71: 2430.5245 | BE71: 2531.5865 | BF71: 2600.6439 | BG71: 2596.8827 | BH71: 2463.8596 | BI71: 2437.1442 | BJ71: 2451.111 | BK71: 2545.297 | BL71: 3688.474 | BM71: 2367.554 | BN71: 2387.0348 | BO71: 2530.214 | BP71: 2237.917 | BQ71: 1249.362 | BR71: 1746.506 | BS71: 2274.246
A72: Más de 60 horas | B72: 1004.2143 | C72: 996.96789 | D72: 1083.4867 | E72: 993.32182 | F72: 969.65469 | G72: 1056.525 | H72: 1005.2266 | I72: 1000.155 | J72: 1018.293 | K72: 1103.7792 | L72: 1038.1163 | M72: 1012.2386 | N72: 977.35361 | O72: 1027.4462 | P72: 1004.3565 | Q72: 965.46463 | R72: … | S72: 1064.4698 | T72: 1040.6628 | U72: 958.48238 | V72: 854.73757 | W72: 304.54626 | X72: 936.29334 | Y72: 839.39913 | Z72: 897.29008 | AA72: 935.50513 | AB72: 846.92276 | AC72: 879.30438 | AD72: 868.2495 | AE72: 867.90872 | AF72: 842.09282 | AG72: 864.94635 | AH72: 835.57818 | AI72: 839.47959 | AJ72: 798.36276 | AK72: 832.21079 | AL72: 786.45406 | AM72: 839.25991 | AN72: 768.22884 | AO72: 739.18256 | AP72: 739.65232 | AQ72: 753.73827 | AR72: 701.53449 | AS72: 690.9585 | AT72: 651.6291 | AU72: 714.77699 | AV72: 691.80543 | AW72: 643.95735 | AX72: … | AY72: … | AZ72: … | BA72: 699.57848 | BB72: 721.92548 | BC72: 680.41859 | BD72: 693.65874 | BE72: 639.88897 | BF72: 685.98618 | BG72: 730.33605 | BH72: 730.07749 | BI72: 683.80632 | BJ72: 708.525 | BK72: 667.635 | BL72: 2330.36 | BM72: 632.428 | BN72: 662.05091 | BO72: 720.822 | BP72: 633.237 | BQ72: 344.358 | BR72: 437.014 | BS72: 508.002
A73: No trabajó en la semana | B73: 270.37711 | C73: 230.71441 | D73: 702.10181 | E73: 230.43455 | F73: 308.96502 | G73: 226.99119 | H73: 914.95508 | I73: 218.9197 | J73: 300.91376 | K73: 263.8162 | L73: 918.54044 | M73: 238.40866 | N73: 321.43836 | O73: 290.08049 | P73: 1034.559 | Q73: 269.29941 | R73: … | S73: 254.41056 | T73: 927.89704 | U73: 220.63139 | V73: 271.1519 | W73: 0 | X73: 289.61706 | Y73: 241.88623 | Z73: 0 | AA73: 282.97891 | AB73: 954.04424 | AC73: 256.55596 | AD73: 312.72135 | AE73: 264.72286 | AF73: 945.89133 | AG73: 238.20943 | AH73: 344.51918 | AI73: 263.20924 | AJ73: 991.11323 | AK73: 273.03658 | AL73: 335.76742 | AM73: 272.04322 | AN73: 946.28585 | AO73: 245.88581 | AP73: 397.55758 | AQ73: 342.02071 | AR73: 986.44158 | AS73: 293.35746 | AT73: 336.17864 | AU73: 337.08572 | AV73: 960.02471 | AW73: 244.68312 | AX73: … | AY73: … | AZ73: … | BA73: 373.44312 | BB73: 361.5942 | BC73: 349.44935 | BD73: 1081.0837 | BE73: 316.48253 | BF73: 421.30867 | BG73: 309.77306 | BH73: 1153.6947 | BI73: 353.20748 | BJ73: 425.551 | BK73: 330.522 | BL73: 721.431 | BM73: 345.178 | BN73: 429.8439 | BO73: 336.234 | BP73: 1278.676 | BQ73: 2026.767 | BR73: 1152.676 | BS73: 752.861
A74: Ingreso per cápita familiar
A75: 1er Quintil | B75: 1802.6786 | C75: 1889.4174 | D75: 1857.8444 | E75: 1773.3096 | F75: 1869.5922 | G75: 1968.3697 | H75: 1840.1265 | I75: 1840.2007 | J75: 1933.05 | K75: 1942.4223 | L75: 1878.3934 | M75: 1852.7876 | N75: 1914.55 | O75: 1957.7348 | P75: 1908.1956 | Q75: 1920.8568 | R75: … | S75: 1926.6927 | T75: 1911.3653 | U75: 1868.6387 | V75: 1972.8887 | W75: 1954.4164 | X75: 2009.1408 | Y75: 1940.4348 | Z75: 1971.8291 | AA75: 1985.9493 | AB75: 1936.5902 | AC75: 1930.3538 | AD75: 2013.3102 | AE75: 1941.8294 | AF75: 2041.5905 | AG75: 2062.625 | AH75: 2037.642 | AI75: 1988.1949 | AJ75: 2041.721 | AK75: 2092.6165 | AL75: 2109.9838 | AM75: 2099.7593 | AN75: 2088.8366 | AO75: 2118.5553 | AP75: 2106.7758 | AQ75: 2089.9532 | AR75: 2069.819 | AS75: 1985.5711 | AT75: 1984.7994 | AU75: 2060.0127 | AV75: 2040.2041 | AW75: 2054.899 | AX75: … | AY75: … | AZ75: … | BA75: 2224.8129 | BB75: 2286.7018 | BC75: 2343.4825 | BD75: 2248.3358 | BE75: 2205.4024 | BF75: 2334.558 | BG75: 2459.2452 | BH75: 2401.8745 | BI75: 2327.6764 | BJ75: 2316.427 | BK75: 2245.02 | BL75: 2407.817 | BM75: 2277.468 | BN75: 2267.0648 | BO75: 2333.645 | BP75: 2386.266 | BQ75: 1552.727 | BR75: 1405.23 | BS75: 1467.493
A76: 2do Quintil | B76: 1885.0639 | C76: 1820.7007 | D76: 1902.3516 | E76: 1867.378 | F76: 1951.904 | G76: 1936.3105 | H76: 2004.1668 | I76: 1939.4543 | J76: 1963.092 | K76: 1992.8619 | L76: 1964.93 | M76: 2075.41 | N76: 2037.9378 | O76: 2108.9518 | P76: 2095.1566 | Q76: 2075.2403 | R76: … | S76: 1990.5063 | T76: 2057.2009 | U76: 2019.0575 | V76: 1991.1303 | W76: 2041.4236 | X76: 1993.9724 | Y76: 2084.4479 | Z76: 1932.9083 | AA76: 1991.1441 | AB76: 2063.4314 | AC76: 2053.7103 | AD76: 1992.2229 | AE76: 2081.3646 | AF76: 2060.7826 | AG76: 2149.901 | AH76: 2114.2386 | AI76: 2254.4643 | AJ76: 2085.5884 | AK76: 2221.7722 | AL76: 2208.2299 | AM76: 2368.1929 | AN76: 2151.8056 | AO76: 2419.5062 | AP76: 2270.7832 | AQ76: 2294.1779 | AR76: 2283.2484 | AS76: 2369.7647 | AT76: 2304.5646 | AU76: 2430.8924 | AV76: 2286.4851 | AW76: 2372.689 | AX76: … | AY76: … | AZ76: … | BA76: 2467.3938 | BB76: 2307.4681 | BC76: 2341.9483 | BD76: 2347.3044 | BE76: 2419.9811 | BF76: 2382.917 | BG76: 2495.2125 | BH76: 2286.6858 | BI76: 2420.9127 | BJ76: 2345.177 | BK76: 2329.149 | BL76: 2442.439 | BM76: 2397.905 | BN76: 2430.9555 | BO76: 2442.606 | BP76: 2636.339 | BQ76: 1973.156 | BR76: 1751.191 | BS76: 1794.913
A77: 3er Quintil | B77: 1662.0033 | C77: 1767.697 | D77: 1796.5823 | E77: 1802.3596 | F77: 1848.4874 | G77: 1879.5989 | H77: 1811.4112 | I77: 1782.9468 | J77: 1957.8897 | K77: 1942.1755 | L77: 1920.5802 | M77: 1895.4263 | N77: 1893.1732 | O77: 1919.4868 | P77: 1926.9925 | Q77: 1888.2004 | R77: … | S77: 1959.3283 | T77: 1878.106 | U77: 1952.6741 | V77: 2022.0852 | W77: 2093.9467 | X77: 2086.8634 | Y77: 1906.349 | Z77: 2119.6476 | AA77: 2057.3386 | AB77: 2158.4298 | AC77: 2129.1448 | AD77: 2153.0652 | AE77: 2091.6687 | AF77: 2216.6809 | AG77: 2192.2785 | AH77: 2295.9275 | AI77: 2165.884 | AJ77: 2173.7798 | AK77: 2053.3036 | AL77: 2181.6384 | AM77: 2031.6837 | AN77: 2187.3998 | AO77: 1993.2558 | AP77: 2206.5463 | AQ77: 2035.6374 | AR77: 2139.0422 | AS77: 2003.7376 | AT77: 2155.8242 | AU77: 2038.976 | AV77: 2126.8887 | AW77: 2000.5322 | AX77: … | AY77: … | AZ77: … | BA77: 2055.0829 | BB77: 2149.9713 | BC77: 2149.2316 | BD77: 2197.8919 | BE77: 2071.6325 | BF77: 2377.3888 | BG77: 2293.061 | BH77: 2438.3545 | BI77: 2180.1629 | BJ77: 2405.541 | BK77: 2337.33 | BL77: 2298.611 | BM77: 2440.389 | BN77: 2589.3292 | BO77: 2503.665 | BP77: 2559.697 | BQ77: 1912.854 | BR77: 1477.546 | BS77: 1472.011
A78: 4to Quintil | B78: 1835.8039 | C78: 1872.5337 | D78: 1846.6806 | E78: 1916.8459 | F78: 1907.5645 | G78: 1925.14 | H78: 1923.1866 | I78: 2052.8242 | J78: 1953.5549 | K78: 2052.3583 | L78: 2001.6175 | M78: 2098.3294 | N78: 2084.0978 | O78: 2130.6823 | P78: 2131.6981 | Q78: 2224.9631 | R78: … | S78: 2220.5558 | T78: 2245.2773 | U78: 2356.759 | V78: 2204.0778 | W78: 2242.6212 | X78: 2340.5877 | Y78: 2387.1622 | Z78: 2289.6334 | AA78: 2355.106 | AB78: 2259.0886 | AC78: 2251.1724 | AD78: 2306.847 | AE78: 2366.2469 | AF78: 2192.4776 | AG78: 2379.3487 | AH78: 2401.0906 | AI78: 2303.6037 | AJ78: 2343.7693 | AK78: 2427.9015 | AL78: 2468.9147 | AM78: 2425.1857 | AN78: 2272.7419 | AO78: 2445.7405 | AP78: 2434.3375 | AQ78: 2582.9531 | AR78: 2283.5453 | AS78: 2339.971 | AT78: 2261.9284 | AU78: 2426.1412 | AV78: 2266.1751 | AW78: 2409.6484 | AX78: … | AY78: … | AZ78: … | BA78: 2338.025 | BB78: 2457.6698 | BC78: 2330.1878 | BD78: 2308.5546 | BE78: 2474.8729 | BF78: 2423.9539 | BG78: 2347.8841 | BH78: 2384.235 | BI78: 2504.0328 | BJ78: 2535.307 | BK78: 2460.84 | BL78: 2392.858 | BM78: 2476.107 | BN78: 2473.1846 | BO78: 2523.195 | BP78: 2247.587 | BQ78: 1971.32 | BR78: 1469.096 | BS78: 1672.184
A79: 5to Quintil | B79: 1837.7606 | C79: 1900.0146 | D79: 1855.0652 | E79: 2005.4179 | F79: 1978.4868 | G79: 1961.1159 | H79: 1941.3329 | I79: 2021.1483 | J79: 2103.7537 | K79: 2085.086 | L79: 2134.7459 | M79: 2236.2444 | N79: 2230.6156 | O79: 2181.0522 | P79: 2180.1438 | Q79: 2278.5501 | R79: … | S79: 2277.3588 | T79: 2272.379 | U79: 2240.8705 | V79: 2236.0406 | W79: 2336.2565 | X79: 2217.5563 | Y79: 2273.362 | Z79: 2212.0342 | AA79: 2300.5005 | AB79: 2267.0773 | AC79: 2406.156 | AD79: 2343.8465 | AE79: 2345.9516 | AF79: 2327.0429 | AG79: 2312.5356 | AH79: 2322.3907 | AI79: 2393.8403 | AJ79: 2316.0233 | AK79: 2342.1706 | AL79: 2316.9645 | AM79: 2345.0544 | AN79: 2373.9223 | AO79: 2359.7052 | AP79: 2312.0769 | AQ79: 2301.8587 | AR79: 2320.0871 | AS79: 2311.8619 | AT79: 2315.2865 | AU79: 2296.9342 | AV79: 2382.4637 | AW79: 2313.2657 | AX79: … | AY79: … | AZ79: … | BA79: 2387.0843 | BB79: 2412.407 | BC79: 2431.9002 | BD79: 2358.7355 | BE79: 2339.1593 | BF79: 2291.9837 | BG79: 2415.9251 | BH79: 2355.2321 | BI79: 2324.8144 | BJ79: 2219.599 | BK79: 2420.963 | BL79: 2405.511 | BM79: 2481.461 | BN79: 2348.4982 | BO79: 2436.92 | BP79: 2215.249 | BQ79: 2135.987 | BR79: 1514.231 | BS79: 1595.719
AT80: 2315.2865
A81: Notas:
A82: 1. El INDEC ha dispuesto que las series estadísticas de la EPH del período comprendido entre el 2° trimestre de 2007 y hasta diciembre 2015 deben ser consideradas con reservas, conforme a la emergencia estadística (Decretos 181/15 y 55/16) . Ver "Consideración sobre la revisión, evaluación y recuperación de la EPH" publicado por INDEC el 23/8/2016.
A83: 2. No se presenta la información debido a que en dicho trimestre no se relevaron algunos de los principales aglomerados de la EPH (GBA, Mar del Plata, Bahía Blanca y Gran La Plata).
A84: 3. A partir del 1° trimestre de 2014 todas las viviendas seleccionadas para la EPH fueron extraídas de la Muestra Maestra Urbana de Viviendas (MMUVRA), basada en el CNPHV 2010, y todas las estimaciones finales se ajustan de acuerdo a las proyecciones de población del CNPHyV 2010. Esto produce cambios de diferente significación en relación a las estructuras de las poblaciones proyectadas lo cual impacta en las estimaciones sobre propiedades asociadas a la distribución por sexo o por edades. Las poblaciones ajustadas según las proyecciones del CNPHyV 2010 exhiben Tasas de actividad y de empleo menores que las ajustadas según las proyecciones del CNPHyV 2001. Es decir que las estimaciones de la EPH a partir del año 2014 no son estrictamente comparables con las de períodos anteriores.
A85: 4. Información no disponible
A86: 5. Incluye Administración pública y defensa, Asociaciones sindicales, empresariales y sociales, Servicios culturales y deportivos, entre otros.
A87: Fuente: MTEySS – SSPEyE - Dirección General de Estudios y Estadísticas Laborales, en base a EPH (INDEC).

Sheet Empleo Formales
B1: 3° Trim 03 | C1: 4° Trim 03 | D1: 1° Trim 04 | E1: 2° Trim 04 | F1: 3° Trim 04 | G1: 4° Trim 04 | H1: 1° Trim 05 | I1: 2° Trim 05 | J1: 3° Trim 05 | K1: 4° Trim 05 | L1: 1° Trim 06 | M1: 2° Trim 06 | N1: 3° Trim 06 | O1: 4° Trim 06 | P1: 1° Trim 07 | Q1: 2° Trim 07 1 | R1: 3° Trim 07 1 2 | S1: 4° Trim 07 1 | T1: 1° Trim 08 1 | U1: 2° Trim 08 1 | V1: 3° Trim 08 1 | W1: 4° Trim 08 1 | X1: 1° Trim 09 1 | Y1: 2° Trim 09 1 | Z1: 3° Trim 09 1 | AA1: 4° Trim 09 1 | AB1: 1° Trim 10 1 | AC1: 2° Trim 10 1 | AD1: 3° Trim 10 1 | AE1: 4° Trim 10 1 | AF1: 1° Trim 11 1 | AG1: 2° Trim 11 1 | AH1: 3° Trim 11 1 | AI1: 4° Trim 11 1 | AJ1: 1° Trim 12 1 | AK1: 2° Trim 12 1 | AL1: 3° Trim 12 1 | AM1: 4° Trim 12 1 | AN1: 1° Trim 13 1 | AO1: 2° Trim 13 1 | AP1: 3° Trim 13 1 | AQ1: 4° Trim 13 1 | AR1: 1° Trim 14 13 | AS1: 2° Trim 14 1 | AT1: 3° Trim 14 1 | AU1: 4° Trim 14 1 | AV1: 1° Trim 15 1 | AW1: 2° Trim 15 1 | AX1: 3° Trim 15 1 4 | AY1: 4° Trim 15 1 4 | AZ1: 1° Trim 16 4 | BA1: 2° Trim 16 | BB1: 3° Trim 16 | BC1: 4° Trim 16 | BD1: 1° Trim 17 | BE1: 2° Trim 17 | BF1: 3° Trim 17 | BG1: 4° Trim 17 | BH1: 1° Trim 18 | BI1: 2° Trim 18 | BJ1: 3° Trim 18 | BK1: 4° Trim 18 | BL1: 1° Trim 19 | BM1: 2° Trim 19 | BN1: 3° Trim 19 | BO1: 4° Trim 19 | BP1: 1° Trim 20 | BQ1: 2° Trim 20 | BR1: 3° Trim 20 | BS1: 4° Trim 20
A2: Actividades primarias | B2: ='Empleo Población'!B33-'Empleo Informales'!B28 -> 102.68926 | C2: ='Empleo Población'!C33-'Empleo Informales'!C28 -> 115.38429 | D2: ='Empleo Población'!D33-'Empleo Informales'!D28 -> 107.38708 | E2: ='Empleo Población'!E33-'Empleo Informales'!E28 -> 110.41846 | F2: ='Empleo Población'!F33-'Empleo Informales'!F28 -> 105.07007 | G2: ='Empleo Población'!G33-'Empleo Informales'!G28 -> 82.727102 | H2: ='Empleo Población'!H33-'Empleo Informales'!H28 -> 87.743595 | I2: ='Empleo Población'!I33-'Empleo Informales'!I28 -> 84.428484 | ... Q2: ='Empleo Población'!Q33-'Empleo Informales'!Q28 -> 90.632857 | S2: ='Empleo Población'!S33-'Empleo Informales'!S28 -> 106.26183 | T2: ='Empleo Población'!T33-'Empleo Informales'!T28 -> 111.48325 | U2: ='Empleo Población'!U33-'Empleo Informales'!U28 -> 128.38497 | V2: ='Empleo Población'!V33-'Empleo Informales'!V28 -> 134.01048 | W2: ='Empleo Población'!W33-'Empleo Informales'!W28 -> 152.08349 | X2: ='Empleo Población'!X33-'Empleo Informales'!X28 -> 96.373528 | Y2: ='Empleo Población'!Y33-'Empleo Informales'!Y28 -> 152.26538 | Z2: ='Empleo Población'!Z33-'Empleo Informales'!Z28 -> 136.73095 | ... AW2: ='Empleo Población'!AW33-'Empleo Informales'!AW28 -> 81.165198 | BA2: ='Empleo Población'!BA33-'Empleo Informales'!BA28 -> 85.301982 | BB2: ='Empleo Población'!BB33-'Empleo Informales'!BB28 -> 98.386426 | BC2: ='Empleo Población'!BC33-'Empleo Informales'!BC28 -> 82.141615 | BD2: ='Empleo Población'!BD33-'Empleo Informales'!BD28 -> 76.932006 | BE2: ='Empleo Población'!BE33-'Empleo Informales'!BE28 -> 81.152633 | BF2: ='Empleo Población'!BF33-'Empleo Informales'!BF28 -> 96.741317 | BG2: ='Empleo Población'!BG33-'Empleo Informales'!BG28 -> 75.36115 | BH2: ='Empleo Población'!BH33-'Empleo Informales'!BH28 -> 98.054138 | ... BS2: ='Empleo Población'!BS33-'Empleo Informales'!BS28 -> 79.189
C3: =C2/B2-1 -> 0.12362561 | D3: =D2/C2-1 -> -0.069309348 | E3: =E2/D2-1 -> 0.028228559 | F3: =F2/E2-1 -> -0.048437411 | G3: =G2/F2-1 -> -0.2126483 | H3: =H2/G2-1 -> 0.060639057 | I3: =I2/H2-1 -> -0.037781809 | J3: =J2/I2-1 -> 0.2076646 | ... Q3: =Q2/P2-1 -> -0.18358178 | T3: =T2/S2-1 -> 0.049137262 | U3: =U2/T2-1 -> 0.15160775 | V3: =V2/U2-1 -> 0.043817548 | W3: =W2/V2-1 -> 0.13486262 | X3: =X2/W2-1 -> -0.3663117 | Y3: =Y2/X2-1 -> 0.57995021 | Z3: =Z2/Y2-1 -> -0.10202204 | AA3: =AA2/Z2-1 -> 0.2126962 | ... AW3: =AW2/AV2-1 -> 0.043579125 | BB3: =BB2/BA2-1 -> 0.15338968 | BC3: =BC2/BB2-1 -> -0.16511232 | BD3: =BD2/BC2-1 -> -0.063422289 | BE3: =BE2/BD2-1 -> 0.054861785 | BF3: =BF2/BE2-1 -> 0.19209093 | BG3: =BG2/BF2-1 -> -0.22100348 | BH3: =BH2/BG2-1 -> 0.30112316 | BI3: =BI2/BH2-1 -> -0.060467002 | ... BP3: =BP2/BO2-1 -> -0.079748747 | BQ3: =BQ2/$BP2-1 -> -0.23378402 | BR3: =BR2/$BP2-1 -> -0.10632129 | BS3: =BS2/$BP2-1 -> -0.20277658
A4: Industria manufacturera | B4: ='Empleo Población'!B35-'Empleo Informales'!B30 -> 836.21996 | C4: ='Empleo Población'!C35-'Empleo Informales'!C30 -> 858.38342 | D4: ='Empleo Población'!D35-'Empleo Informales'!D30 -> 889.2015 | E4: ='Empleo Población'!E35-'Empleo Informales'!E30 -> 910.28702 | F4: ='Empleo Población'!F35-'Empleo Informales'!F30 -> 944.75457 | G4: ='Empleo Población'!G35-'Empleo Informales'!G30 -> 980.92495 | H4: ='Empleo Población'!H35-'Empleo Informales'!H30 -> 1006.7285 | I4: ='Empleo Población'!I35-'Empleo Informales'!I30 -> 976.71498 | ... Q4: ='Empleo Población'!Q35-'Empleo Informales'!Q30 -> 1087.8443 | S4: ='Empleo Población'!S35-'Empleo Informales'!S30 -> 1130.049 | T4: ='Empleo Población'!T35-'Empleo Informales'!T30 -> 1136.147 | U4: ='Empleo Población'!U35-'Empleo Informales'!U30 -> 1103.9192 | V4: ='Empleo Población'!V35-'Empleo Informales'!V30 -> 1105.0728 | W4: ='Empleo Población'!W35-'Empleo Informales'!W30 -> 1214.5044 | X4: ='Empleo Población'!X35-'Empleo Informales'!X30 -> 1164.9923 | Y4: ='Empleo Población'!Y35-'Empleo Informales'!Y30 -> 1036.3837 | Z4: ='Empleo Población'!Z35-'Empleo Informales'!Z30 -> 1035.3062 | ... AW4: ='Empleo Población'!AW35-'Empleo Informales'!AW30 -> 1161.5702 | BA4: ='Empleo Población'!BA35-'Empleo Informales'!BA30 -> 1111.4032 | BB4: ='Empleo Población'!BB35-'Empleo Informales'!BB30 -> 1145.1883 | BC4: ='Empleo Población'!BC35-'Empleo Informales'!BC30 -> 1128.4563 | BD4: ='Empleo Población'!BD35-'Empleo Informales'!BD30 -> 1059.65 | BE4: ='Empleo Población'!BE35-'Empleo Informales'!BE30 -> 1120.5524 | BF4: ='Empleo Población'!BF35-'Empleo Informales'!BF30 -> 1098.805 | BG4: ='Empleo Población'!BG35-'Empleo Informales'!BG30 -> 1085.1642 | BH4: ='Empleo Población'!BH35-'Empleo Informales'!BH30 -> 1084.9211 | ... BS4: ='Empleo Población'!BS35-'Empleo Informales'!BS30 -> 1210.635
C5: =C4/B4-1 -> 0.026504345 | D5: =D4/C4-1 -> 0.035902471 | E5: =E4/D4-1 -> 0.02371286 | F5: =F4/E4-1 -> 0.037864485 | G5: =G4/F4-1 -> 0.038285486 | H5: =H4/G4-1 -> 0.026305351 | I5: =I4/H4-1 -> -0.029812947 | J5: =J4/I4-1 -> 0.010351868 | ... Q5: =Q4/P4-1 -> 0.033828663 | T5: =T4/S4-1 -> 0.0053961609 | U5: =U4/T4-1 -> -0.028365879 | V5: =V4/U4-1 -> 0.0010450645 | W5: =W4/V4-1 -> 0.099026531 | X5: =X4/W4-1 -> -0.040767303 | Y5: =Y4/X4-1 -> -0.11039442 | Z5: =Z4/Y4-1 -> -0.0010396684 | AA5: =AA4/Z4-1 -> 0.056177872 | ... AW5: =AW4/AV4-1 -> 3.708873e-05 | BB5: =BB4/BA4-1 -> 0.030398599 | BC5: =BC4/BB4-1 -> -0.014610732 | BD5: =BD4/BC4-1 -> -0.06097376 | BE5: =BE4/BD4-1 -> 0.057474016 | BF5: =BF4/BE4-1 -> -0.019407762 | BG5: =BG4/BF4-1 -> -0.012414179 | BH5: =BH4/BG4-1 -> -0.00022401428 | BI5: =BI4/BH4-1 -> -0.01428175 | ... BP5: =BP4/BO4-1 -> -0.0054178096 | BQ5: =BQ4/$BP4-1 -> -0.038228718 | BR5: =BR4/$BP4-1 -> 0.0069150594 | BS5: =BS4/$BP4-1 -> 0.16824071
A6: Construcción | B6: ='Empleo Población'!B37-'Empleo Informales'!B32 -> 367.97706 | C6: ='Empleo Población'!C37-'Empleo Informales'!C32 -> 402.88276 | D6: ='Empleo Población'!D37-'Empleo Informales'!D32 -> 435.09196 | E6: ='Empleo Población'!E37-'Empleo Informales'!E32 -> 415.08896 | F6: ='Empleo Población'!F37-'Empleo Informales'!F32 -> 448.97651 | G6: ='Empleo Población'!G37-'Empleo Informales'!G32 -> 420.05929 | H6: ='Empleo Población'!H37-'Empleo Informales'!H32 -> 414.98218 | I6: ='Empleo Población'!I37-'Empleo Informales'!I32 -> 468.26394 | ... Q6: ='Empleo Población'!Q37-'Empleo Informales'!Q32 -> 585.03774 | S6: ='Empleo Población'!S37-'Empleo Informales'!S32 -> 602.63706 | T6: ='Empleo Población'!T37-'Empleo Informales'!T32 -> 588.78861 | U6: ='Empleo Población'!U37-'Empleo Informales'!U32 -> 544.12741 | V6: ='Empleo Población'!V37-'Empleo Informales'!V32 -> 628.93626 | W6: ='Empleo Población'!W37-'Empleo Informales'!W32 -> 589.18524 | X6: ='Empleo Población'!X37-'Empleo Informales'!X32 -> 645.88474 | Y6: ='Empleo Población'!Y37-'Empleo Informales'!Y32 -> 582.22139 | Z6: ='Empleo Población'!Z37-'Empleo Informales'!Z32 -> 609.70596 | ... AW6: ='Empleo Población'!AW37-'Empleo Informales'!AW32 -> 642.4007 | BA6: ='Empleo Población'!BA37-'Empleo Informales'!BA32 -> 624.39411 | BB6: ='Empleo Población'!BB37-'Empleo Informales'!BB32 -> 694.61177 | BC6: ='Empleo Población'!BC37-'Empleo Informales'!BC32 -> 650.02127 | BD6: ='Empleo Población'!BD37-'Empleo Informales'!BD32 -> 642.78991 | BE6: ='Empleo Población'!BE37-'Empleo Informales'!BE32 -> 644.02007 | BF6: ='Empleo Población'!BF37-'Empleo Informales'!BF32 -> 654.28419 | BG6: ='Empleo Población'!BG37-'Empleo Informales'!BG32 -> 701.17432 | BH6: ='Empleo Población'!BH37-'Empleo Informales'!BH32 -> 645.63182 | ... BS6: ='Empleo Población'!BS37-'Empleo Informales'!BS32 -> 691.241
C7: =C6/B6-1 -> 0.094858374 | D7: =D6/C6-1 -> 0.079946833 | E7: =E6/D6-1 -> -0.045974202 | F7: =F6/E6-1 -> 0.081639249 | G7: =G6/F6-1 -> -0.064406976 | H7: =H6/G6-1 -> -0.012086644 | I7: =I6/H6-1 -> 0.1283953 | J7: =J6/I6-1 -> 0.027388684 | ... Q7: =Q6/P6-1 -> 0.032889458 | T7: =T6/S6-1 -> -0.022979751 | U7: =U6/T6-1 -> -0.075852701 | V7: =V6/U6-1 -> 0.15586212 | W7: =W6/V6-1 -> -0.063203567 | X7: =X6/W6-1 -> 0.096233731 | Y7: =Y6/X6-1 -> -0.098567665 | Z7: =Z6/Y6-1 -> 0.047206395 | AA7: =AA6/Z6-1 -> 0.036835055 | ... AW7: =AW6/AV6-1 -> 0.11589058 | BB7: =BB6/BA6-1 -> 0.11245728 | BC7: =BC6/BB6-1 -> -0.064194862 | BD7: =BD6/BC6-1 -> -0.011124802 | BE7: =BE6/BD6-1 -> 0.0019137919 | BF7: =BF6/BE6-1 -> 0.015937577 | BG7: =BG6/BF6-1 -> 0.071666298 | BH7: =BH6/BG6-1 -> -0.079213545 | BI7: =BI6/BH6-1 -> 0.092028828 | ... BP7: =BP6/BO6-1 -> -0.067639014 | BQ7: =BQ6/$BP6-1 -> -0.25865936 | BR7: =BR6/$BP6-1 -> 0.0034958371 | BS7: =BS6/$BP6-1 -> 0.12603258
A8: Comercio | B8: ='Empleo Población'!B39-'Empleo Informales'!B34 -> 1326.143 | C8: ='Empleo Población'!C39-'Empleo Informales'!C34 -> 1401.2745 | D8: ='Empleo Población'!D39-'Empleo Informales'!D34 -> 1424.6741 | E8: ='Empleo Población'!E39-'Empleo Informales'!E34 -> 1377.9824 | F8: ='Empleo Población'!F39-'Empleo Informales'!F34 -> 1411.2833 | G8: ='Empleo Población'!G39-'Empleo Informales'!G34 -> 1472.1893 | H8: ='Empleo Población'!H39-'Empleo Informales'!H34 -> 1399.3199 | I8: ='Empleo Población'!I39-'Empleo Informales'!I34 -> 1354.5604 | ... Q8: ='Empleo Población'!Q39-'Empleo Informales'!Q34 -> 1496.885 | S8: ='Empleo Población'!S39-'Empleo Informales'!S34 -> 1492.5518 | T8: ='Empleo Población'!T39-'Empleo Informales'!T34 -> 1512.1142 | U8: ='Empleo Población'!U39-'Empleo Informales'!U34 -> 1612.1019 | V8: ='Empleo Población'!V39-'Empleo Informales'!V34 -> 1633.1314 | W8: ='Empleo Población'!W39-'Empleo Informales'!W34 -> 1624.5813 | X8: ='Empleo Población'!X39-'Empleo Informales'!X34 -> 1570.5783 | Y8: ='Empleo Población'!Y39-'Empleo Informales'!Y34 -> 1580.5629 | Z8: ='Empleo Población'!Z39-'Empleo Informales'!Z34 -> 1591.2627 | ... AW8: ='Empleo Población'!AW39-'Empleo Informales'!AW34 -> 1502.4298 | BA8: ='Empleo Población'!BA39-'Empleo Informales'!BA34 -> 1617.3676 | BB8: ='Empleo Población'!BB39-'Empleo Informales'!BB34 -> 1630.565 | BC8: ='Empleo Población'!BC39-'Empleo Informales'!BC34 -> 1582.8964 | BD8: ='Empleo Población'!BD39-'Empleo Informales'!BD34 -> 1589.51 | BE8: ='Empleo Población'!BE39-'Empleo Informales'!BE34 -> 1644.3351 | BF8: ='Empleo Población'!BF39-'Empleo Informales'!BF34 -> 1642.9994 | BG8: ='Empleo Población'!BG39-'Empleo Informales'!BG34 -> 1633.579 | BH8: ='Empleo Población'!BH39-'Empleo Informales'!BH34 -> 1671.9523 | ... BS8: ='Empleo Población'!BS39-'Empleo Informales'!BS34 -> 1544.333
C9: =C8/B8-1 -> 0.056654174 | D9: =D8/C8-1 -> 0.016698793 | E9: =E8/D8-1 -> -0.03277366 | F9: =F8/E8-1 -> 0.024166488 | G9: =G8/F8-1 -> 0.043156455 | H9: =H8/G8-1 -> -0.049497318 | I9: =I8/H8-1 -> -0.031986613 | J9: =J8/I8-1 -> 0.12649735 | ... Q9: =Q8/P8-1 -> -0.02384005 | T9: =T8/S8-1 -> 0.013106716 | U9: =U8/T8-1 -> 0.066124437 | V9: =V8/U8-1 -> 0.013044748 | W9: =W8/V8-1 -> -0.0052353802 | X9: =X8/W8-1 -> -0.033241198 | Y9: =Y8/X8-1 -> 0.0063573075 | Z9: =Z8/Y8-1 -> 0.0067696116 | AA9: =AA8/Z8-1 -> -0.0050711762 | ... AW9: =AW8/AV8-1 -> -0.00068376888 | BB9: =BB8/BA8-1 -> 0.0081597775 | BC9: =BC8/BB8-1 -> -0.029234368 | BD9: =BD8/BC8-1 -> 0.0041781106 | BE9: =BE8/BD8-1 -> 0.034491865 | BF9: =BF8/BE8-1 -> -0.00081233335 | BG9: =BG8/BF8-1 -> -0.0057336097 | BH9: =BH8/BG8-1 -> 0.023490289 | BI9: =BI8/BH8-1 -> 0.019134147 | ... BP9: =BP8/BO8-1 -> -0.01804749 | BQ9: =BQ8/$BP8-1 -> -0.22413696 | BR9: =BR8/$BP8-1 -> -0.091702494 | BS9: =BS8/$BP8-1 -> -0.091957679
A10: Hoteles y restaurantes | B10: ='Empleo Población'!B41-'Empleo Informales'!B36 -> 140.09215 | C10: ='Empleo Población'!C41-'Empleo Informales'!C36 -> 146.027 | D10: ='Empleo Población'!D41-'Empleo Informales'!D36 -> 198.45703 | E10: ='Empleo Población'!E41-'Empleo Informales'!E36 -> 179.53188 | F10: ='Empleo Población'!F41-'Empleo Informales'!F36 -> 208.70856 | G10: ='Empleo Población'!G41-'Empleo Informales'!G36 -> 177.20351 | H10: ='Empleo Población'!H41-'Empleo Informales'!H36 -> 197.03357 | I10: ='Empleo Población'!I41-'Empleo Informales'!I36 -> 188.61541 | ... Q10: ='Empleo Población'!Q41-'Empleo Informales'!Q36 -> 227.64602 | S10: ='Empleo Población'!S41-'Empleo Informales'!S36 -> 226.13159 | T10: ='Empleo Población'!T41-'Empleo Informales'!T36 -> 258.73783 | U10: ='Empleo Población'!U41-'Empleo Informales'!U36 -> 236.03897 | V10: ='Empleo Población'!V41-'Empleo Informales'!V36 -> 220.48158 | W10: ='Empleo Población'!W41-'Empleo Informales'!W36 -> 277.37775 | X10: ='Empleo Población'!X41-'Empleo Informales'!X36 -> 261.80601 | Y10: ='Empleo Población'!Y41-'Empleo Informales'!Y36 -> 259.61594 | Z10: ='Empleo Población'!Z41-'Empleo Informales'!Z36 -> 225.30127 | ... AW10: ='Empleo Población'!AW41-'Empleo Informales'!AW36 -> 241.11554 | BA10: ='Empleo Población'!BA41-'Empleo Informales'!BA36 -> 265.28041 | BB10: ='Empleo Población'!BB41-'Empleo Informales'!BB36 -> 280.51729 | BC10: ='Empleo Población'!BC41-'Empleo Informales'!BC36 -> 282.24771 | BD10: ='Empleo Población'!BD41-'Empleo Informales'!BD36 -> 298.5793 | BE10: ='Empleo Población'!BE41-'Empleo Informales'!BE36 -> 307.16566 | BF10: ='Empleo Población'!BF41-'Empleo Informales'!BF36 -> 334.09967 | BG10: ='Empleo Población'!BG41-'Empleo Informales'!BG36 -> 293.70699 | BH10: ='Empleo Población'!BH41-'Empleo Informales'!BH36 -> 334.88252 | ... BS10: ='Empleo Población'!BS41-'Empleo Informales'!BS36 -> 214.049
C11: =C10/B10-1 -> 0.042363872 | D11: =D10/C10-1 -> 0.35904342 | E11: =E10/D10-1 -> -0.095361436 | F11: =F10/E10-1 -> 0.16251527 | G11: =G10/F10-1 -> -0.15095234 | H11: =H10/G10-1 -> 0.11190559 | I11: =I10/H10-1 -> -0.0427245 | J11: =J10/I10-1 -> 0.036337551 | ... Q11: =Q10/P10-1 -> -0.18169483 | T11: =T10/S10-1 -> 0.14419143 | U11: =U10/T10-1 -> -0.087729201 | V11: =V10/U10-1 -> -0.065910245 | W11: =W10/V10-1 -> 0.25805405 | X11: =X10/W10-1 -> -0.056139089 | Y11: =Y10/X10-1 -> -0.0083652493 | Z11: =Z10/Y10-1 -> -0.13217475 | AA11: =AA10/Z10-1 -> 0.074341092 | ... AW11: =AW10/AV10-1 -> -0.16998489 | BB11: =BB10/BA10-1 -> 0.057436866 | BC11: =BC10/BB10-1 -> 0.00616869 | BD11: =BD10/BC10-1 -> 0.057862624 | BE11: =BE10/BD10-1 -> 0.028757363 | BF11: =BF10/BE10-1 -> 0.087685616 | BG11: =BG10/BF10-1 -> -0.12090008 | BH11: =BH10/BG10-1 -> 0.14019255 | BI11: =BI10/BH10-1 -> -0.093295282 | ... BP11: =BP10/BO10-1 -> -0.067161729 | BQ11: =BQ10/$BP10-1 -> -0.29479681 | BR11: =BR10/$BP10-1 -> 0.038557227 | BS11: =BS10/$BP10-1 -> -0.26139826
A12: Transporte, almacenaje y comunicaciones | B12: ='Empleo Población'!B43-'Empleo Informales'!B38 -> 394.57192 | C12: ='Empleo Población'!C43-'Empleo Informales'!C38 -> 403.51507 | D12: ='Empleo Población'!D43-'Empleo Informales'!D38 -> 373.14084 | E12: ='Empleo Población'!E43-'Empleo Informales'!E38 -> 368.81198 | F12: ='Empleo Población'!F43-'Empleo Informales'!F38 -> 400.25142 | G12: ='Empleo Población'!G43-'Empleo Informales'!G38 -> 410.23363 | H12: ='Empleo Población'!H43-'Empleo Informales'!H38 -> 397.9986 | I12: ='Empleo Población'!I43-'Empleo Informales'!I38 -> 403.75236 | ... Q12: ='Empleo Población'!Q43-'Empleo Informales'!Q38 -> 490.8774 | S12: ='Empleo Población'!S43-'Empleo Informales'!S38 -> 486.85383 | T12: ='Empleo Población'!T43-'Empleo Informales'!T38 -> 496.64021 | U12: ='Empleo Población'!U43-'Empleo Informales'!U38 -> 557.83084 | V12: ='Empleo Población'!V43-'Empleo Informales'!V38 -> 527.15289 | W12: ='Empleo Población'!W43-'Empleo Informales'!W38 -> 491.02901 | X12: ='Empleo Población'!X43-'Empleo Informales'!X38 -> 514.7077 | Y12: ='Empleo Población'!Y43-'Empleo Informales'!Y38 -> 516.61382 | Z12: ='Empleo Población'!Z43-'Empleo Informales'!Z38 -> 533.67952 | ... AW12: ='Empleo Población'!AW43-'Empleo Informales'!AW38 -> 735.87169 | BA12: ='Empleo Población'!BA43-'Empleo Informales'!BA38 -> 621.31028 | BB12: ='Empleo Población'!BB43-'Empleo Informales'!BB38 -> 595.10106 | BC12: ='Empleo Población'!BC43-'Empleo Informales'!BC38 -> 622.33123 | BD12: ='Empleo Población'!BD43-'Empleo Informales'!BD38 -> 625.15209 | BE12: ='Empleo Población'!BE43-'Empleo Informales'!BE38 -> 614.79427 | BF12: ='Empleo Población'!BF43-'Empleo Informales'!BF38 -> 607.00747 | BG12: ='Empleo Población'!BG43-'Empleo Informales'!BG38 -> 653.29426 | BH12: ='Empleo Población'!BH43-'Empleo Informales'!BH38 -> 646.02065 | ... BS12: ='Empleo Población'!BS43-'Empleo Informales'!BS38 -> 642.825
C13: =C12/B12-1 -> 0.022665443 | D13: =D12/C12-1 -> -0.07527408 | E13: =E12/D12-1 -> -0.011601148 | F13: =F12/E12-1 -> 0.085245165 | G13: =G12/F12-1 -> 0.024939861 | H13: =H12/G12-1 -> -0.02982455 | I13: =I12/H12-1 -> 0.014456738 | J13: =J12/I12-1 -> 0.042176653 | ... Q13: =Q12/P12-1 -> 0.04425812 | T13: =T12/S12-1 -> 0.020101258 | U13: =U12/T12-1 -> 0.12320918 | V13: =V12/U12-1 -> -0.054995081 | W13: =W12/V12-1 -> -0.068526385 | X13: =X12/W12-1 -> 0.048222592 | Y13: =Y12/X12-1 -> 0.0037033126 | Z13: =Z12/Y12-1 -> 0.033033773 | AA13: =AA12/Z12-1 -> -0.062101645 | ... AW13: =AW12/AV12-1 -> 0.071259067 | BB13: =BB12/BA12-1 -> -0.042183776 | BC13: =BC12/BB12-1 -> 0.045757212 | BD13: =BD12/BC12-1 -> 0.0045327341 | BE13: =BE12/BD12-1 -> -0.016568477 | BF13: =BF12/BE12-1 -> -0.012665698 | BG13: =BG12/BF12-1 -> 0.076254063 | BH13: =BH12/BG12-1 -> -0.011133735 | BI13: =BI12/BH12-1 -> 0.00099306875 | ... BP13: =BP12/BO12-1 -> -0.036707985 | BQ13: =BQ12/$BP12-1 -> -0.16132562 | BR13: =BR12/$BP12-1 -> -0.075212622 | BS13: =BS12/$BP12-1 -> -0.076806749
A14: Serv financieros, inmobiliarios, alquileres y empresariales | B14: ='Empleo Población'!B45-'Empleo Informales'!B40 -> 624.3635 | C14: ='Empleo Población'!C45-'Empleo Informales'!C40 -> 673.90435 | D14: ='Empleo Población'!D45-'Empleo Informales'!D40 -> 668.11705 | E14: ='Empleo Población'!E45-'Empleo Informales'!E40 -> 642.18657 | F14: ='Empleo Población'!F45-'Empleo Informales'!F40 -> 616.11367 | G14: ='Empleo Población'!G45-'Empleo Informales'!G40 -> 673.50444 | H14: ='Empleo Población'!H45-'Empleo Informales'!H40 -> 727.19532 | I14: ='Empleo Población'!I45-'Empleo Informales'!I40 -> 740.08788 | ... Q14: ='Empleo Población'!Q45-'Empleo Informales'!Q40 -> 852.56738 | S14: ='Empleo Población'!S45-'Empleo Informales'!S40 -> 887.0803 | T14: ='Empleo Población'!T45-'Empleo Informales'!T40 -> 852.82359 | U14: ='Empleo Población'!U45-'Empleo Informales'!U40 -> 942.57318 | V14: ='Empleo Población'!V45-'Empleo Informales'!V40 -> 845.90472 | W14: ='Empleo Población'!W45-'Empleo Informales'!W40 -> 813.69806 | X14: ='Empleo Población'!X45-'Empleo Informales'!X40 -> 927.97196 | Y14: ='Empleo Población'!Y45-'Empleo Informales'!Y40 -> 1004.7544 | Z14: ='Empleo Población'!Z45-'Empleo Informales'!Z40 -> 904.38611 | ... AW14: ='Empleo Población'!AW45-'Empleo Informales'!AW40 -> 866.90992 | BA14: ='Empleo Población'!BA45-'Empleo Informales'!BA40 -> 951.81652 | BB14: ='Empleo Población'!BB45-'Empleo Informales'!BB40 -> 978.31976 | BC14: ='Empleo Población'!BC45-'Empleo Informales'!BC40 -> 1060.7607 | BD14: ='Empleo Población'!BD45-'Empleo Informales'!BD40 -> 1028.9169 | BE14: ='Empleo Población'!BE45-'Empleo Informales'!BE40 -> 981.09014 | BF14: ='Empleo Población'!BF45-'Empleo Informales'!BF40 -> 1016.7616 | BG14: ='Empleo Población'!BG45-'Empleo Informales'!BG40 -> 1082.421 | BH14: ='Empleo Población'!BH45-'Empleo Informales'!BH40 -> 1054.3203 | ... BS14: ='Empleo Población'!BS45-'Empleo Informales'!BS40 -> 1084.12
C15: =C14/B14-1 -> 0.079346174 | D15: =D14/C14-1 -> -0.0085877277 | E15: =E14/D14-1 -> -0.038811282 | F15: =F14/E14-1 -> -0.040600198 | G15: =G14/F14-1 -> 0.093149648 | H15: =H14/G14-1 -> 0.079718681 | I15: =I14/H14-1 -> 0.017729151 | J15: =J14/I14-1 -> -0.0050249539 | ... Q15: =Q14/P14-1 -> 0.023892087 | T15: =T14/S14-1 -> -0.038617379 | U15: =U14/T14-1 -> 0.10523817 | V15: =V14/U14-1 -> -0.10255804 | W15: =W14/V14-1 -> -0.038073631 | X15: =X14/W14-1 -> 0.14043772 | Y15: =Y14/X14-1 -> 0.082742167 | Z15: =Z14/Y14-1 -> -0.099893331 | AA15: =AA14/Z14-1 -> -0.022337056 | ... AW15: =AW14/AV14-1 -> -0.090913451 | BB15: =BB14/BA14-1 -> 0.027844905 | BC15: =BC14/BB14-1 -> 0.084267922 | BD15: =BD14/BC14-1 -> -0.030019814 | BE15: =BE14/BD14-1 -> -0.046482614 | BF15: =BF14/BE14-1 -> 0.036359011 | BG15: =BG14/BF14-1 -> 0.064577016 | BH15: =BH14/BG14-1 -> -0.025960975 | BI15: =BI14/BH14-1 -> -0.061771856 | ... BP15: =BP14/BO14-1 -> -0.024270555 | BQ15: =BQ14/$BP14-1 -> -0.10794847 | BR15: =BR14/$BP14-1 -> -0.072582809 | BS15: =BS14/$BP14-1 -> 0.042714837
A16: Enseñanza | B16: ='Empleo Población'!B47-'Empleo Informales'!B42 -> 654.17505 | C16: ='Empleo Población'!C47-'Empleo Informales'!C42 -> 610.41893 | D16: ='Empleo Población'!D47-'Empleo Informales'!D42 -> 569.07795 | E16: ='Empleo Población'!E47-'Empleo Informales'!E42 -> 636.89138 | F16: ='Empleo Población'!F47-'Empleo Informales'!F42 -> 642.11809 | G16: ='Empleo Población'!G47-'Empleo Informales'!G42 -> 594.21057 | H16: ='Empleo Población'!H47-'Empleo Informales'!H42 -> 588.73091 | I16: ='Empleo Población'!I47-'Empleo Informales'!I42 -> 643.94565 | ... Q16: ='Empleo Población'!Q47-'Empleo Informales'!Q42 -> 736.69093 | S16: ='Empleo Población'!S47-'Empleo Informales'!S42 -> 702.89137 | T16: ='Empleo Población'!T47-'Empleo Informales'!T42 -> 734.29006 | U16: ='Empleo Población'!U47-'Empleo Informales'!U42 -> 724.27887 | V16: ='Empleo Población'!V47-'Empleo Informales'!V42 -> 713.76666 | W16: ='Empleo Población'!W47-'Empleo Informales'!W42 -> 760.21406 | X16: ='Empleo Población'!X47-'Empleo Informales'!X42 -> 776.83374 | Y16: ='Empleo Población'!Y47-'Empleo Informales'!Y42 -> 798.69555 | Z16: ='Empleo Población'!Z47-'Empleo Informales'!Z42 -> 765.21427 | ... AW16: ='Empleo Población'!AW47-'Empleo Informales'!AW42 -> 849.89007 | BA16: ='Empleo Población'!BA47-'Empleo Informales'!BA42 -> 837.56399 | BB16: ='Empleo Población'!BB47-'Empleo Informales'!BB42 -> 864.86631 | BC16: ='Empleo Población'!BC47-'Empleo Informales'!BC42 -> 871.89695 | BD16: ='Empleo Población'!BD47-'Empleo Informales'!BD42 -> 857.78332 | BE16: ='Empleo Población'!BE47-'Empleo Informales'!BE42 -> 887.96815 | BF16: ='Empleo Población'!BF47-'Empleo Informales'!BF42 -> 895.0486 | BG16: ='Empleo Población'!BG47-'Empleo Informales'!BG42 -> 917.64358 | BH16: ='Empleo Población'!BH47-'Empleo Informales'!BH42 -> 892.22309 | ... BS16: ='Empleo Población'!BS47-'Empleo Informales'!BS42 -> 938.785
C17: =C16/B16-1 -> -0.066887481 | D17: =D16/C16-1 -> -0.067725579 | E17: =E16/D16-1 -> 0.11916369 | F17: =F16/E16-1 -> 0.0082065903 | G17: =G16/F16-1 -> -0.074608577 | H17: =H16/G16-1 -> -0.0092217475 | I17: =I16/H16-1 -> 0.093786036 | J17: =J16/I16-1 -> -0.0086672682 | ... Q17: =Q16/P16-1 -> 0.13261455 | T17: =T16/S16-1 -> 0.044670753 | U17: =U16/T16-1 -> -0.013633834 | V17: =V16/U16-1 -> -0.01451403 | W17: =W16/V16-1 -> 0.065073647 | X17: =X16/W16-1 -> 0.02186184 | Y17: =Y16/X16-1 -> 0.028142198 | Z17: =Z16/Y16-1 -> -0.041919958 | AA17: =AA16/Z16-1 -> 0.017879794 | ... AW17: =AW16/AV16-1 -> 0.026632724 | BB17: =BB16/BA16-1 -> 0.032597298 | BC17: =BC16/BB16-1 -> 0.0081291608 | BD17: =BD16/BC16-1 -> -0.016187276 | BE17: =BE16/BD16-1 -> 0.035189345 | BF17: =BF16/BE16-1 -> 0.0079737673 | BG17: =BG16/BF16-1 -> 0.025244417 | BH17: =BH16/BG16-1 -> -0.027701918 | BI17: =BI16/BH16-1 -> 0.0143188 | ... BP17: =BP16/BO16-1 -> -0.042661029 | BQ17: =BQ16/$BP16-1 -> 0.05835545 | BR17: =BR16/$BP16-1 -> 0.10267181 | BS17: =BS16/$BP16-1 -> 0.073002604
A18: Servicios sociales y de salud | B18: ='Empleo Población'!B49-'Empleo Informales'!B44 -> 343.07803 | C18: ='Empleo Población'!C49-'Empleo Informales'!C44 -> 355.32242 | D18: ='Empleo Población'!D49-'Empleo Informales'!D44 -> 348.56409 | E18: ='Empleo Población'!E49-'Empleo Informales'!E44 -> 368.2776 | F18: ='Empleo Población'!F49-'Empleo Informales'!F44 -> 401.39944 | G18: ='Empleo Población'!G49-'Empleo Informales'!G44 -> 380.41683 | H18: ='Empleo Población'!H49-'Empleo Informales'!H44 -> 404.48975 | I18: ='Empleo Población'!I49-'Empleo Informales'!I44 -> 389.95067 | ... Q18: ='Empleo Población'!Q49-'Empleo Informales'!Q44 -> 463.88842 | S18: ='Empleo Población'!S49-'Empleo Informales'!S44 -> 409.71625 | T18: ='Empleo Población'!T49-'Empleo Informales'!T44 -> 446.92519 | U18: ='Empleo Población'!U49-'Empleo Informales'!U44 -> 472.58483 | V18: ='Empleo Población'!V49-'Empleo Informales'!V44 -> 441.26882 | W18: ='Empleo Población'!W49-'Empleo Informales'!W44 -> 474.94236 | X18: ='Empleo Población'!X49-'Empleo Informales'!X44 -> 504.67789 | Y18: ='Empleo Población'!Y49-'Empleo Informales'!Y44 -> 489.97406 | Z18: ='Empleo Población'!Z49-'Empleo Informales'!Z44 -> 465.74402 | ... AW18: ='Empleo Población'!AW49-'Empleo Informales'!AW44 -> 538.93487 | BA18: ='Empleo Población'!BA49-'Empleo Informales'!BA44 -> 572.60995 | BB18: ='Empleo Población'!BB49-'Empleo Informales'!BB44 -> 591.08259 | BC18: ='Empleo Población'!BC49-'Empleo Informales'!BC44 -> 626.26677 | BD18: ='Empleo Población'!BD49-'Empleo Informales'!BD44 -> 636.66614 | BE18: ='Empleo Población'!BE49-'Empleo Informales'!BE44 -> 568.58522 | BF18: ='Empleo Población'!BF49-'Empleo Informales'!BF44 -> 586.21861 | BG18: ='Empleo Población'!BG49-'Empleo Informales'!BG44 -> 604.33249 | BH18: ='Empleo Población'!BH49-'Empleo Informales'!BH44 -> 611.74225 | ... BS18: ='Empleo Población'!BS49-'Empleo Informales'!BS44 -> 670.808
C19: =C18/B18-1 -> 0.035689822 | D19: =D18/C18-1 -> -0.019020274 | E19: =E18/D18-1 -> 0.056556336 | F19: =F18/E18-1 -> 0.089937154 | G19: =G18/F18-1 -> -0.052273623 | H19: =H18/G18-1 -> 0.063280375 | I19: =I18/H18-1 -> -0.03594425 | J19: =J18/I18-1 -> 0.032623535 | ... Q19: =Q18/P18-1 -> 0.10666037 | T19: =T18/S18-1 -> 0.09081636 | U19: =U18/T18-1 -> 0.05741372 | V19: =V18/U18-1 -> -0.066265378 | W19: =W18/V18-1 -> 0.076310723 | X19: =X18/W18-1 -> 0.062608719 | Y19: =Y18/X18-1 -> -0.029135087 | Z19: =Z18/Y18-1 -> -0.049451675 | AA19: =AA18/Z18-1 -> 0.043591445 | ... AW19: =AW18/AV18-1 -> 0.0095270693 | BB19: =BB18/BA18-1 -> 0.032260424 | BC19: =BC18/BB18-1 -> 0.059524996 | BD19: =BD18/BC18-1 -> 0.016605336 | BE19: =BE18/BD18-1 -> -0.10693348 | BF19: =BF18/BE18-1 -> 0.031012743 | BG19: =BG18/BF18-1 -> 0.030899538 | BH19: =BH18/BG18-1 -> 0.012261057 | BI19: =BI18/BH18-1 -> -0.043201925 | ... BP19: =BP18/BO18-1 -> -0.047219236 | BQ19: =BQ18/$BP18-1 -> 0.018647579 | BR19: =BR18/$BP18-1 -> 0.068015004 | BS19: =BS18/$BP18-1 -> 0.11976951
A20: Trabajo doméstico | B20: ='Empleo Población'!B51-'Empleo Informales'!B46 -> 55.756853 | C20: ='Empleo Población'!C51-'Empleo Informales'!C46 -> 57.852159 | D20: ='Empleo Población'!D51-'Empleo Informales'!D46 -> 68.742004 | E20: ='Empleo Población'!E51-'Empleo Informales'!E46 -> 92.741706 | F20: ='Empleo Población'!F51-'Empleo Informales'!F46 -> 73.76006 | G20: ='Empleo Población'!G51-'Empleo Informales'!G46 -> 81.263836 | H20: ='Empleo Población'!H51-'Empleo Informales'!H46 -> 62.416758 | I20: ='Empleo Población'!I51-'Empleo Informales'!I46 -> 53.712787 | ... Q20: ='Empleo Población'!Q51-'Empleo Informales'!Q46 -> 99.160939 | S20: ='Empleo Población'!S51-'Empleo Informales'!S46 -> 101.18355 | T20: ='Empleo Población'!T51-'Empleo Informales'!T46 -> 134.3572 | U20: ='Empleo Población'!U51-'Empleo Informales'!U46 -> 134.13896 | V20: ='Empleo Población'!V51-'Empleo Informales'!V46 -> 124.9178 | W20: ='Empleo Población'!W51-'Empleo Informales'!W46 -> 100.50451 | X20: ='Empleo Población'!X51-'Empleo Informales'!X46 -> 130.75421 | Y20: ='Empleo Población'!Y51-'Empleo Informales'!Y46 -> 136.56261 | Z20: ='Empleo Población'!Z51-'Empleo Informales'!Z46 -> 152.18467 | ... AW20: ='Empleo Población'!AW51-'Empleo Informales'!AW46 -> 173.05817 | BA20: ='Empleo Población'!BA51-'Empleo Informales'!BA46 -> 244.5488 | BB20: ='Empleo Población'!BB51-'Empleo Informales'!BB46 -> 229.01074 | BC20: ='Empleo Población'!BC51-'Empleo Informales'!BC46 -> 227.6802 | BD20: ='Empleo Población'!BD51-'Empleo Informales'!BD46 -> 236.92181 | BE20: ='Empleo Población'!BE51-'Empleo Informales'!BE46 -> 217.45779 | BF20: ='Empleo Población'!BF51-'Empleo Informales'!BF46 -> 256.98964 | BG20: ='Empleo Población'!BG51-'Empleo Informales'!BG46 -> 230.15779 | BH20: ='Empleo Población'!BH51-'Empleo Informales'!BH46 -> 230.14514 | ... BS20: ='Empleo Población'!BS51-'Empleo Informales'!BS46 -> 227.402
C21: =C20/B20-1 -> 0.037579353 | D21: =D20/C20-1 -> 0.18823576 | E21: =E20/D20-1 -> 0.34912718 | F21: =F20/E20-1 -> -0.20467217 | G21: =G20/F20-1 -> 0.10173224 | H21: =H20/G20-1 -> -0.23192455 | I21: =I20/H20-1 -> -0.13944927 | J21: =J20/I20-1 -> 0.69034921 | ... Q21: =Q20/P20-1 -> -0.03734864 | T21: =T20/S20-1 -> 0.32785616 | U21: =U20/T20-1 -> -0.0016243275 | V21: =V20/U20-1 -> -0.068743331 | W21: =W20/V20-1 -> -0.19543483 | X21: =X20/W20-1 -> 0.30097853 | Y21: =Y20/X20-1 -> 0.044422217 | Z21: =Z20/Y20-1 -> 0.11439489 | AA21: =AA20/Z20-1 -> -0.16752991 | ... AW21: =AW20/AV20-1 -> -0.14053877 | BB21: =BB20/BA20-1 -> -0.063537658 | BC21: =BC20/BB20-1 -> -0.0058099517 | BD21: =BD20/BC20-1 -> 0.040590293 | BE21: =BE20/BD20-1 -> -0.08215375 | BF21: =BF20/BE20-1 -> 0.18179092 | BG21: =BG20/BF20-1 -> -0.1044083 | BH21: =BH20/BG20-1 -> -5.494718e-05 | BI21: =BI20/BH20-1 -> -0.0038617125 | ... BP21: =BP20/BO20-1 -> -0.032927021 | BQ21: =BQ20/$BP20-1 -> -0.02495175 | BR21: =BR20/$BP20-1 -> -0.078628267 | BS21: =BS20/$BP20-1 -> -0.10063754
A22: Otros servicios comunitarios, sociales y personales | B22: ='Empleo Población'!B53-'Empleo Informales'!B48 -> 909.15761 | C22: ='Empleo Población'!C53-'Empleo Informales'!C48 -> 890.90783 | D22: ='Empleo Población'!D53-'Empleo Informales'!D48 -> 914.68471 | E22: ='Empleo Población'!E53-'Empleo Informales'!E48 -> 970.87398 | F22: ='Empleo Población'!F53-'Empleo Informales'!F48 -> 978.22406 | G22: ='Empleo Población'!G53-'Empleo Informales'!G48 -> 926.58437 | H22: ='Empleo Población'!H53-'Empleo Informales'!H48 -> 921.06381 | I22: ='Empleo Población'!I53-'Empleo Informales'!I48 -> 995.7399 | ... Q22: ='Empleo Población'!Q53-'Empleo Informales'!Q48 -> 1081.2499 | S22: ='Empleo Población'!S53-'Empleo Informales'!S48 -> 1098.2043 | T22: ='Empleo Población'!T53-'Empleo Informales'!T48 -> 1127.2492 | U22: ='Empleo Población'!U53-'Empleo Informales'!U48 -> 1101.5767 | V22: ='Empleo Población'!V53-'Empleo Informales'!V48 -> 1131.744 | W22: ='Empleo Población'!W53-'Empleo Informales'!W48 -> 1108.6521 | X22: ='Empleo Población'!X53-'Empleo Informales'!X48 -> 1161.4749 | Y22: ='Empleo Población'!Y53-'Empleo Informales'!Y48 -> 1162.8209 | Z22: ='Empleo Población'!Z53-'Empleo Informales'!Z48 -> 1187.8103 | ... AW22: ='Empleo Población'!AW53-'Empleo Informales'!AW48 -> 1398.5404 | BA22: ='Empleo Población'!BA53-'Empleo Informales'!BA48 -> 1347.2454 | BB22: ='Empleo Población'!BB53-'Empleo Informales'!BB48 -> 1365.2068 | BC22: ='Empleo Población'!BC53-'Empleo Informales'!BC48 -> 1367.2868 | BD22: ='Empleo Población'!BD53-'Empleo Informales'!BD48 -> 1334.9149 | BE22: ='Empleo Población'!BE53-'Empleo Informales'!BE48 -> 1355.8414 | BF22: ='Empleo Población'!BF53-'Empleo Informales'!BF48 -> 1394.138 | BG22: ='Empleo Población'!BG53-'Empleo Informales'!BG48 -> 1483.0426 | BH22: ='Empleo Población'!BH53-'Empleo Informales'!BH48 -> 1426.8698 | ... BS22: ='Empleo Población'!BS53-'Empleo Informales'!BS48 -> 1411.676
C23: =C22/B22-1 -> -0.020073276 | D23: =D22/C22-1 -> 0.02668837 | E23: =E22/D22-1 -> 0.061430202 | F23: =F22/E22-1 -> 0.0075705848 | G23: =G22/F22-1 -> -0.052789226 | H23: =H22/G22-1 -> -0.0059579706 | I23: =I22/H22-1 -> 0.081075917 | J23: =J22/I22-1 -> -0.018256481 | ... Q23: =Q22/P22-1 -> -0.0024675945 | T23: =T22/S22-1 -> 0.026447549 | U23: =U22/T22-1 -> -0.022774478 | V23: =V22/U22-1 -> 0.027385645 | W23: =W22/V22-1 -> -0.020403855 | X23: =X22/W22-1 -> 0.047645965 | Y23: =Y22/X22-1 -> 0.00115885 | Z23: =Z22/Y22-1 -> 0.021490342 | AA23: =AA22/Z22-1 -> 0.047714362 | ... AW23: =AW22/AV22-1 -> 0.0048272784 | BB23: =BB22/BA22-1 -> 0.013331918 | BC23: =BC22/BB22-1 -> 0.001523563 | BD23: =BD22/BC22-1 -> -0.023675976 | BE23: =BE22/BD22-1 -> 0.015676244 | BF23: =BF22/BE22-1 -> 0.028245655 | BG23: =BG22/BF22-1 -> 0.063770294 | BH23: =BH22/BG22-1 -> -0.037876709 | BI23: =BI22/BH22-1 -> -0.088122899 | ... BP23: =BP22/BO22-1 -> 0.050781104 | BQ23: =BQ22/$BP22-1 -> -0.18050978 | BR23: =BR22/$BP22-1 -> -0.15779969 | BS23: =BS22/$BP22-1 -> -0.06928864

Sheet Empleo Informales
A1: Mercado de trabajo - EPH
A2: Empleo no registrado 1 según sexo, grupos de edad, posición en el hogar, nivel educativo, rama de actividad, tamaño de establecimiento calificación de la tarea, horas trabajadas y quintil de ingreso per cápita familiar
A3: Total aglomerados relevados (en miles de personas)
B4: 3° Trim 03 | C4: 4° Trim 03 | D4: 1° Trim 04 | E4: 2° Trim 04 | F4: 3° Trim 04 | G4: 4° Trim 04 | H4: 1° Trim 05 | I4: 2° Trim 05 | J4: 3° Trim 05 | K4: 4° Trim 05 | L4: 1° Trim 06 | M4: 2° Trim 06 | N4: 3° Trim 06 | O4: 4° Trim 06 | P4: 1° Trim 07 | Q4: 2° Trim 07 2 | R4: 3° Trim 07 2 | S4: 4° Trim 07 2 | T4: 1° Trim 08 2 | U4: 2° Trim 08 2 | V4: 3° Trim 08 2 | W4: 4° Trim 08 2 | X4: 1° Trim 09 2 | Y4: 2° Trim 09 2 | Z4: 3° Trim 09 2 | AA4: 4° Trim 09 2 | AB4: 1° Trim 10 2 | AC4: 2° Trim 10 2 | AD4: 3° Trim 10 2 | AE4: 4° Trim 10 2 | AF4: 1° Trim 11 2 | AG4: 2° Trim 11 2 | AH4: 3° Trim 11 2 | AI4: 4° Trim 11 2 | AJ4: 1° Trim 12 2 | AK4: 2° Trim 12 2 | AL4: 3° Trim 12 2 | AM4: 4° Trim 12 2 | AN4: 1° Trim 13 2 | AO4: 2° Trim 13 2 | AP4: 3° Trim 13 2 | AQ4: 4° Trim 13 2 | AR4: 1° Trim 14 2 3 | AS4: 2° Trim 14 2 | AT4: 3° Trim 14 2 | AU4: 4° Trim 14 2 | AV4: 1° Trim 15 2 | AW4: 2° Trim 15 2 | AX4: 3° Trim 15 2 4 | AY4: 4° Trim 15 2 4 | AZ4: 1° Trim 16 4 | BA4: 2° Trim 16 | BB4: 3° Trim 16 | BC4: 4° Trim 16 | BD4: 1° Trim 17 | BE4: 2° Trim 17 | BF4: 3° Trim 17 | BG4: 4° Trim 17 | BH4: 1° Trim 18 | BI4: 2° Trim 18 | BJ4: 3° Trim 18 | BK4: 4° Trim 18 | BL4: 1° Trim 19 | BM4: 2° Trim 19 | BN4: 3° Trim 19 | BO4: 4° Trim 19 | BP4: 1° Trim 20 | BQ4: 2° Trim 20 | BR4: 3° Trim 20 | BS4: 4° Trim 20
A5: Total | B5: 3184.3911 | C5: 3270.0167 | D5: 3202.6692 | E5: 3235.8964 | F5: 3280.119 | G5: 3409.9258 | H5: 3262.8417 | I5: 3290.3253 | J5: 3298.4111 | K5: 3309.902 | L5: 3189.2436 | M5: 3225.7446 | N5: 3186.5694 | O5: 3201.5252 | P5: 3074.5976 | Q5: 3105.6597 | R5: … | S5: 3032.2213 | T5: 2856.0492 | U5: 2784.0059 | V5: 2790.3875 | W5: 2973.4291 | X5: 2816.3855 | Y5: 2793.4633 | Z5: 2814.084 | AA5: 2834.0479 | AB5: 2744.4696 | AC5: 2926.3988 | AD5: 2895.2861 | AE5: 2771.5546 | AF5: 2766.4746 | AG5: 2878.0927 | AH5: 2878.2714 | AI5: 2880.2713 | AJ5: 2732.6862 | AK5: 2829.2219 | AL5: 2979.8195 | AM5: 2929.1561 | AN5: 2657.6864 | AO5: 2902.5451 | AP5: 2957.8939 | AQ5: 2841.6542 | AR5: 2737.7485 | AS5: 2733.9318 | AT5: 2772.2487 | AU5: 2898.6593 | AV5: 2674.4544 | AW5: 2767.5199 | AX5: … | AY5: … | AZ5: … | BA5: 2810.526 | BB5: 2899.7412 | BC5: 2888.2604 | BD5: 2794.7858 | BE5: 2884.1481 | BF5: 2988.2465 | BG5: 3034.1097 | BH5: 2912.8976 | BI5: 2948.4707 | BJ5: 3012.809 | BK5: 3109.6761 | BL5: 3084.079 | BM5: 3050.989 | BN5: 3054.5327 | BO5: 3157.15 | BP5: 3136.195 | BQ5: 1732.672 | BR5: 2170.164 | BS5: 2639.001
A6: Sexo
A7: Varones | B7: 1545.0011 | C7: 1621.4388 | D7: 1624.3859 | E7: 1585.2715 | F7: 1627.2815 | G7: 1713.2834 | H7: 1620.0312 | I7: 1604.3608 | J7: 1679.2012 | K7: 1653.981 | L7: 1547.5343 | M7: 1595.7042 | N7: 1599.9484 | O7: 1590.306 | P7: 1515.5009 | Q7: 1558.8266 | R7: … | S7: 1473.0392 | T7: 1397.6636 | U7: 1415.5146 | V7: 1359.1896 | W7: 1485.382 | X7: 1409.2089 | Y7: 1402.6205 | Z7: 1409.2523 | AA7: 1447.9786 | AB7: 1392.2449 | AC7: 1469.6273 | AD7: 1444.426 | AE7: 1458.0647 | AF7: 1454.6219 | AG7: 1437.0751 | AH7: 1430.3303 | AI7: 1472.6497 | AJ7: 1413.7746 | AK7: 1412.6362 | AL7: 1527.8672 | AM7: 1538.0732 | AN7: 1371.4055 | AO7: 1548.7464 | AP7: 1549.6313 | AQ7: 1522.4292 | AR7: 1446.5061 | AS7: 1397.7038 | AT7: 1440.2164 | AU7: 1526.7069 | AV7: 1408.3487 | AW7: 1477.2505 | AX7: … | AY7: … | AZ7: … | BA7: 1500.807 | BB7: 1475.763 | BC7: 1466.6591 | BD7: 1476.412 | BE7: 1492.9155 | BF7: 1557.9883 | BG7: 1563.6739 | BH7: 1513.6696 | BI7: 1493.3836 | BJ7: 1539.5976 | BK7: 1562.3585 | BL7: 1574.453 | BM7: 1587.086 | BN7: 1631.9351 | BO7: 1617.244 | BP7: 1624.989 | BQ7: 896.429 | BR7: 1163.475 | BS7: 1448.679
A8: Mujeres | B8: 1639.3899 | C8: 1648.578 | D8: 1578.2833 | E8: 1650.6248 | F8: 1652.8375 | G8: 1696.6424 | H8: 1642.8105 | I8: 1685.9646 | J8: 1619.21 | K8: 1655.9209 | L8: 1641.7093 | M8: 1630.0404 | N8: 1586.621 | O8: 1611.2191 | P8: 1559.0967 | Q8: 1546.8331 | R8: … | S8: 1559.1821 | T8: 1458.3856 | U8: 1368.4913 | V8: 1431.1978 | W8: 1488.047 | X8: 1407.1766 | Y8: 1390.8428 | Z8: 1404.8317 | AA8: 1386.0693 | AB8: 1352.2248 | AC8: 1456.7715 | AD8: 1450.8601 | AE8: 1313.4899 | AF8: 1311.8527 | AG8: 1441.0176 | AH8: 1447.9411 | AI8: 1407.6216 | AJ8: 1318.9117 | AK8: 1416.5856 | AL8: 1451.9523 | AM8: 1391.0829 | AN8: 1286.2809 | AO8: 1353.7987 | AP8: 1408.2626 | AQ8: 1319.225 | AR8: 1291.2424 | AS8: 1336.228 | AT8: 1332.0323 | AU8: 1371.9524 | AV8: 1266.1057 | AW8: 1290.2694 | AX8: … | AY8: … | AZ8: … | BA8: 1309.719 | BB8: 1423.9782 | BC8: 1421.6013 | BD8: 1318.3738 | BE8: 1391.2325 | BF8: 1430.2582 | BG8: 1470.4358 | BH8: 1399.228 | BI8: 1455.0871 | BJ8: 1473.2114 | BK8: 1547.3175 | BL8: 1509.626 | BM8: 1463.903 | BN8: 1422.5976 | BO8: 1539.906 | BP8: 1511.206 | BQ8: 836.243 | BR8: 1006.689 | BS8: 1190.322
A9: Grupos de edad
A10: Hasta 24 años | B10: 761.92566 | C10: 768.28433 | D10: 742.92199 | E10: 737.71764 | F10: 757.24552 | G10: 798.00813 | H10: 700.80279 | I10: 751.29516 | J10: 766.87421 | K10: 738.50734 | L10: 730.21448 | M10: 749.49926 | N10: 750.50802 | O10: 728.40501 | P10: 677.63013 | Q10: 700.34524 | R10: … | S10: 735.20412 | T10: 645.33514 | U10: 650.33827 | V10: 667.08268 | W10: 704.54959 | X10: 653.92451 | Y10: 661.36548 | Z10: 614.82522 | AA10: 677.76062 | AB10: 666.60658 | AC10: 687.84747 | AD10: 657.88393 | AE10: 694.26833 | AF10: 662.78454 | AG10: 708.71872 | AH10: 679.54791 | AI10: 706.085 | AJ10: 653.09618 | AK10: 674.21299 | AL10: 736.31299 | AM10: 711.80372 | AN10: 622.2648 | AO10: 712.23325 | AP10: 750.48065 | AQ10: 706.82089 | AR10: 635.19371 | AS10: 647.3798 | AT10: 689.54439 | AU10: 752.52561 | AV10: 624.88315 | AW10: 634.56764 | AX10: … | AY10: … | AZ10: … | BA10: 636.59 | BB10: 636.52245 | BC10: 630.31738 | BD10: 631.33858 | BE10: 683.47621 | BF10: 733.84876 | BG10: 737.79389 | BH10: 665.69126 | BI10: 642.99929 | BJ10: 683.3872 | BK10: 734.01554 | BL10: 632.002 | BM10: 626.782 | BN10: 663.6917 | BO10: 680.991 | BP10: 676.505 | BQ10: 320.588 | BR10: 431.103 | BS10: 552.046
A11: Entre 25 y 34 años | B11: 945.55125 | C11: 964.18935 | D11: 965.19171 | E11: 929.5427 | F11: 963.19398 | G11: 986.66894 | H11: 975.79494 | I11: 959.62105 | J11: 943.83746 | K11: 968.03367 | L11: 875.71293 | M11: 949.80821 | N11: 939.46553 | O11: 976.43598 | P11: 870.69456 | Q11: 902.20165 | R11: … | S11: 858.72119 | T11: 811.17633 | U11: 786.14255 | V11: 794.91072 | W11: 839.95138 | X11: 787.76096 | Y11: 776.06856 | Z11: 800.41871 | AA11: 810.72363 | AB11: 759.02223 | AC11: 823.76525 | AD11: 831.85196 | AE11: 740.61627 | AF11: 762.05292 | AG11: 799.61828 | AH11: 792.43502 | AI11: 806.24819 | AJ11: 764.81539 | AK11: 784.15025 | AL11: 830.31529 | AM11: 816.67985 | AN11: 738.26905 | AO11: 760.40979 | AP11: 789.9919 | AQ11: 834.28198 | AR11: 797.43236 | AS11: 756.95182 | AT11: 797.80958 | AU11: 860.07091 | AV11: 754.94775 | AW11: 752.73534 | AX11: … | AY11: … | AZ11: … | BA11: 745.03 | BB11: 820.43942 | BC11: 784.80706 | BD11: 763.12851 | BE11: 779.10562 | BF11: 774.75175 | BG11: 826.34261 | BH11: 825.16622 | BI11: 828.31594 | BJ11: 837.09492 | BK11: 811.04511 | BL11: 895.706 | BM11: 842.68 | BN11: 856.37985 | BO11: 904.647 | BP11: 881.078 | BQ11: 506.809 | BR11: 667.649 | BS11: 746.254
A12: Entre 35 y 49 años | B12: 914.64856 | C12: 928.31725 | D12: 882.0407 | E12: 936.63506 | F12: 930.50944 | G12: 974.7172 | H12: 974.7999 | I12: 947.57437 | J12: 925.72724 | K12: 961.83477 | L12: 982.13583 | M12: 892.17689 | N12: 880.52853 | O12: 879.66967 | P12: 920.19782 | Q12: 886.03402 | R12: … | S12: 849.85598 | T12: 854.68349 | U12: 769.94109 | V12: 806.56926 | W12: 878.12034 | X12: 828.58676 | Y12: 778.38172 | Z12: 834.55392 | AA12: 788.86917 | AB12: 785.84563 | AC12: 809.27612 | AD12: 828.01929 | AE12: 797.30274 | AF12: 757.31168 | AG12: 789.26879 | AH12: 820.5995 | AI12: 807.36006 | AJ12: 772.00193 | AK12: 810.32564 | AL12: 807.4066 | AM12: 812.80595 | AN12: 785.36608 | AO12: 846.62561 | AP12: 827.98806 | AQ12: 753.70257 | AR12: 759.70836 | AS12: 810.1222 | AT12: 771.20013 | AU12: 767.47017 | AV12: 784.62591 | AW12: 847.54406 | AX12: … | AY12: … | AZ12: … | BA12: 832.063 | BB12: 828.05944 | BC12: 856.46964 | BD12: 804.79095 | BE12: 833.89597 | BF12: 836.24058 | BG12: 811.12797 | BH12: 810.60641 | BI12: 862.4849 | BJ12: 832.28019 | BK12: 874.14145 | BL12: 874.872 | BM12: 868.441 | BN12: 858.09877 | BO12: 903.547 | BP12: 891.974 | BQ12: 548.288 | BR12: 593.895 | BS12: 856.685
A13: Entre 50 y 59 años | B13: 395.21337 | C13: 390.05363 | D13: 394.32312 | E13: 418.63787 | F13: 423.79743 | G13: 442.3572 | H13: 401.4159 | I13: 383.33386 | J13: 409.89641 | K13: 403.42755 | L13: 365.65772 | M13: 413.77734 | N13: 376.96669 | O13: 363.78564 | P13: 379.32732 | Q13: 374.76076 | R13: … | S13: 376.59871 | T13: 342.81769 | U13: 374.57222 | V13: 325.96522 | W13: 328.99411 | X13: 347.0142 | Y13: 356.21002 | Z13: 354.17444 | AA13: 337.62554 | AB13: 339.47877 | AC13: 366.80801 | AD13: 352.35773 | AE13: 348.20097 | AF13: 362.12748 | AG13: 360.96648 | AH13: 357.20022 | AI13: 316.42125 | AJ13: 338.40351 | AK13: 354.56207 | AL13: 372.11881 | AM13: 352.23106 | AN13: 336.20605 | AO13: 342.32455 | AP13: 347.83902 | AQ13: 329.14879 | AR13: 316.73977 | AS13: 321.39116 | AT13: 316.83177 | AU13: 310.28725 | AV13: 310.68698 | AW13: 346.42974 | AX13: … | AY13: … | AZ13: … | BA13: 376.479 | BB13: 376.47603 | BC13: 372.08537 | BD13: 376.90036 | BE13: 377.64831 | BF13: 354.99965 | BG13: 386.09775 | BH13: 322.2655 | BI13: 347.17332 | BJ13: 398.70135 | BK13: 383.82902 | BL13: 358.737 | BM13: 391.527 | BN13: 393.63909 | BO13: 387.2 | BP13: 399.733 | BQ13: 247.789 | BR13: 338.766 | BS13: 318.178
A14: 60 años y más | B14: 167.05224 | C14: 219.17219 | D14: 218.19167 | E14: 213.36312 | F14: 205.37263 | G14: 208.17434 | H14: 210.02821 | I14: 248.50091 | J14: 252.07582 | K14: 238.09862 | L14: 235.5226 | M14: 220.48288 | N14: 239.10058 | O14: 253.22886 | P14: 226.74777 | Q14: 242.31803 | R14: … | S14: 211.84128 | T14: 202.03654 | U14: 203.0118 | V14: 195.85956 | W14: 221.81367 | X14: 199.09908 | Y14: 221.43749 | Z14: 210.11167 | AA14: 219.06895 | AB14: 193.51641 | AC14: 238.70191 | AD14: 225.17317 | AE14: 191.16629 | AF14: 222.19797 | AG14: 219.52041 | AH14: 228.48871 | AI14: 244.15678 | AJ14: 204.36923 | AK14: 205.97094 | AL14: 233.6658 | AM14: 235.63553 | AN14: 175.58043 | AO14: 240.95185 | AP14: 241.59427 | AQ14: 217.69998 | AR14: 228.67434 | AS14: 198.08683 | AT14: 196.86283 | AU14: 208.30535 | AV14: 199.31063 | AW14: 186.24309 | AX14: … | AY14: … | AZ14: … | BA14: 220.364 | BB14: 238.24383 | BC14: 244.58099 | BD14: 218.6274 | BE14: 210.02195 | BF14: 288.40577 | BG14: 272.74747 | BH14: 289.16819 | BI14: 267.49726 | BJ14: 261.34533 | BK14: 306.64496 | BL14: 322.762 | BM14: 321.559 | BN14: 282.72328 | BO14: 280.765 | BP14: 286.905 | BQ14: 109.198 | BR14: 138.751 | BS14: 165.838
A15: Posición en el hogar
A16: Jefe | B16: 1314.6692 | C16: 1401.6402 | D16: 1321.7687 | E16: 1377.2167 | F16: 1351.5941 | G16: 1399.6915 | H16: 1371.4228 | I16: 1339.4492 | J16: 1361.1186 | K16: 1376.043 | L16: 1273.863 | M16: 1306.3367 | N16: 1324.5023 | O16: 1318.9012 | P16: 1261.3128 | Q16: 1255.4957 | R16: … | S16: 1180.8528 | T16: 1144.2128 | U16: 1138.9869 | V16: 1104.5819 | W16: 1140.2095 | X16: 1089.9102 | Y16: 1118.6697 | Z16: 1143.4795 | AA16: 1102.6459 | AB16: 1075.6121 | AC16: 1161.7147 | AD16: 1129.5461 | AE16: 1085.2776 | AF16: 1082.5015 | AG16: 1111.6179 | AH16: 1154.9296 | AI16: 1165.2377 | AJ16: 1158.8714 | AK16: 1136.7381 | AL16: 1140.4612 | AM16: 1121.4687 | AN16: 1068.354 | AO16: 1148.8479 | AP16: 1142.5259 | AQ16: 1106.6393 | AR16: 1069.4399 | AS16: 1080.7509 | AT16: 1094.9117 | AU16: 1111.308 | AV16: 1068.2674 | AW16: 1111.2186 | AX16: … | AY16: … | AZ16: … | BA16: 1101.713 | BB16: 1095.9091 | BC16: 1122.989 | BD16: 1122.2757 | BE16: 1108.2512 | BF16: 1138.7029 | BG16: 1120.3516 | BH16: 1140.3592 | BI16: 1172.2889 | BJ16: 1168.6476 | BK16: 1235.463 | BL16: 1288.31 | BM16: 1231.867 | BN16: 1204.5235 | BO16: 1235.612 | BP16: 1237.548 | BQ16: 715.19 | BR16: 913.652 | BS16: 1057.734
A17: Cónyuge | B17: 717.83038 | C17: 693.23819 | D17: 736.05877 | E17: 726.75848 | F17: 747.41351 | G17: 750.73256 | H17: 724.87098 | I17: 766.66362 | J17: 728.94905 | K17: 725.98964 | L17: 703.69299 | M17: 688.10078 | N17: 683.72845 | O17: 626.31519 | P17: 645.5595 | Q17: 639.03461 | R17: … | S17: 614.34945 | T17: 595.06472 | U17: 592.03982 | V17: 588.5965 | W17: 640.67751 | X17: 587.39218 | Y17: 587.27921 | Z17: 604.38239 | AA17: 577.07484 | AB17: 533.07689 | AC17: 646.58307 | AD17: 599.63622 | AE17: 547.53945 | AF17: 585.57443 | AG17: 640.18197 | AH17: 619.0871 | AI17: 603.94207 | AJ17: 543.91157 | AK17: 588.22091 | AL17: 683.30054 | AM17: 606.34039 | AN17: 515.90569 | AO17: 554.20928 | AP17: 617.01366 | AQ17: 557.3255 | AR17: 587.56143 | AS17: 537.50929 | AT17: 570.81976 | AU17: 540.14612 | AV17: 528.47325 | AW17: 579.55602 | AX17: … | AY17: … | AZ17: … | BA17: 572.992 | BB17: 595.77705 | BC17: 599.46823 | BD17: 540.84587 | BE17: 572.22094 | BF17: 573.88933 | BG17: 636.99791 | BH17: 560.66785 | BI17: 595.41785 | BJ17: 607.61484 | BK17: 632.40442 | BL17: 608.116 | BM17: 626.625 | BN17: 626.15863 | BO17: 642.023 | BP17: 636.747 | BQ17: 383.408 | BR17: 394.616 | BS17: 571.936
A18: Hijo | B18: 924.47056 | C18: 913.99891 | D18: 900.00082 | E18: 893.58952 | F18: 915.30709 | G18: 983.81589 | H18: 919.05745 | I18: 945.08226 | J18: 937.46578 | K18: 915.40912 | L18: 930.74993 | M18: 960.75699 | N18: 916.75274 | O18: 975.70152 | P18: 898.80794 | Q18: 916.91616 | R18: … | S18: 986.83225 | T18: 862.28988 | U18: 812.38741 | V18: 844.21192 | W18: 949.24343 | X18: 891.40876 | Y18: 833.78338 | Z18: 821.38084 | AA18: 886.2854 | AB18: 862.12292 | AC18: 868.09378 | AD18: 874.98887 | AE18: 873.33291 | AF18: 831.53486 | AG18: 865.14758 | AH18: 836.67366 | AI18: 868.35448 | AJ18: 819.30954 | AK18: 855.52824 | AL18: 915.11465 | AM18: 896.81524 | AN18: 816.42906 | AO18: 927.2893 | AP18: 909.34102 | AQ18: 915.95751 | AR18: 811.05788 | AS18: 828.68736 | AT18: 828.44852 | AU18: 969.78948 | AV18: 811.0426 | AW18: 813.35116 | AX18: … | AY18: … | AZ18: … | BA18: 872.802 | BB18: 920.08573 | BC18: 908.93334 | BD18: 896.59582 | BE18: 928.7688 | BF18: 972.14145 | BG18: 976.4882 | BH18: 925.47458 | BI18: 888.73321 | BJ18: 940.68323 | BK18: 937.04997 | BL18: 909.434 | BM18: 909.609 | BN18: 956.36826 | BO18: 987.086 | BP18: 956.462 | BQ18: 506.406 | BR18: 705.832 | BS18: 758.738
A19: Otros | B19: 227.42092 | C19: 261.13948 | D19: 244.84092 | E19: 238.33166 | F19: 265.80427 | G19: 275.6859 | H19: 247.49048 | I19: 239.13025 | J19: 270.87775 | K19: 292.46017 | L19: 280.93767 | M19: 270.55012 | N19: 261.58589 | O19: 280.6072 | P19: 268.91732 | Q19: 294.21323 | R19: … | S19: 250.1868 | T19: 254.48181 | U19: 240.5918 | V19: 252.99718 | W19: 243.29867 | X19: 247.67441 | Y19: 253.73101 | Z19: 244.84125 | AA19: 268.04179 | AB19: 273.65771 | AC19: 250.00725 | AD19: 291.11485 | AE19: 265.40464 | AF19: 266.86383 | AG19: 261.1452 | AH19: 267.58103 | AI19: 242.73709 | AJ19: 210.59373 | AK19: 248.7346 | AL19: 240.94306 | AM19: 304.53177 | AN19: 256.9977 | AO19: 272.19854 | AP19: 289.01335 | AQ19: 261.73195 | AR19: 269.68932 | AS19: 286.98426 | AT19: 278.06874 | AU19: 277.41564 | AV19: 266.67119 | AW19: 263.39414 | AX19: … | AY19: … | AZ19: … | BA19: 263.019 | BB19: 287.96933 | BC19: 256.86985 | BD19: 235.06839 | BE19: 274.90707 | BF19: 303.51283 | BG19: 300.27199 | BH19: 286.39598 | BI19: 292.03076 | BJ19: 295.86332 | BK19: 304.75865 | BL19: 278.219 | BM19: 282.888 | BN19: 267.48235 | BO19: 292.429 | BP19: 305.438 | BQ19: 127.668 | BR19: 156.064 | BS19: 250.593
A20: Nivel educativo
A21: Hasta primario incompleto | B21: 370.38995 | C21: 341.46607 | D21: 353.97185 | E21: 352.74019 | F21: 328.70463 | G21: 368.33636 | H21: 367.19466 | I21: 323.20364 | J21: 341.57403 | K21: 367.92197 | L21: 318.74738 | M21: 323.32225 | N21: 322.59348 | O21: 330.86295 | P21: 318.91422 | Q21: 287.76481 | R21: … | S21: 308.67138 | T21: 295.14368 | U21: 231.3212 | V21: 243.18412 | W21: 279.57615 | X21: 268.65648 | Y21: 239.94479 | Z21: 251.82999 | AA21: 217.85396 | AB21: 213.86506 | AC21: 250.04305 | AD21: 218.99059 | AE21: 217.79599 | AF21: 216.66908 | AG21: 215.27715 | AH21: 213.26456 | AI21: 224.733 | AJ21: 219.322 | AK21: 244.74819 | AL21: 235.06329 | AM21: 195.6429 | AN21: 166.88786 | AO21: 187.97861 | AP21: 189.56693 | AQ21: 189.46044 | AR21: 200.04447 | AS21: 169.89503 | AT21: 196.32083 | AU21: 190.27013 | AV21: 174.85664 | AW21: 176.88007 | AX21: … | AY21: … | AZ21: … | BA21: 171.421 | BB21: 170.89815 | BC21: 188.01256 | BD21: 187.67067 | BE21: 157.29352 | BF21: 189.59173 | BG21: 174.59567 | BH21: 167.64116 | BI21: 143.63606 | BJ21: 177.71167 | BK21: 173.31197 | BL21: 201.302 | BM21: 185.735 | BN21: 171.76283 | BO21: 158.898 | BP21: 185.838 | BQ21: 81.773 | BR21: 139.808 | BS21: 122.129
A22: Primario completo | B22: 934.53353 | C22: 964.05731 | D22: 984.66749 | E22: 936.95517 | F22: 1009.091 | G22: 1051.3336 | H22: 1031.7831 | I22: 1016.1975 | J22: 962.66702 | K22: 972.40231 | L22: 956.73374 | M22: 953.88811 | N22: 911.90283 | O22: 906.85046 | P22: 860.36554 | Q22: 854.01065 | R22: … | S22: 801.75407 | T22: 761.3803 | U22: 784.65381 | V22: 782.9258 | W22: 765.07285 | X22: 792.45792 | Y22: 744.19793 | Z22: 729.17031 | AA22: 751.11583 | AB22: 731.72183 | AC22: 745.57591 | AD22: 751.20544 | AE22: 740.03502 | AF22: 759.66747 | AG22: 737.32736 | AH22: 712.16698 | AI22: 701.27616 | AJ22: 729.22086 | AK22: 695.44881 | AL22: 731.32618 | AM22: 727.0515 | AN22: 642.9968 | AO22: 710.5026 | AP22: 740.60773 | AQ22: 686.25724 | AR22: 623.2268 | AS22: 633.13165 | AT22: 642.37774 | AU22: 676.90249 | AV22: 650.62488 | AW22: 697.81884 | AX22: … | AY22: … | AZ22: … | BA22: 682.267 | BB22: 649.80741 | BC22: 627.3785 | BD22: 549.86206 | BE22: 594.19499 | BF22: 580.48326 | BG22: 595.16977 | BH22: 550.68452 | BI22: 569.55734 | BJ22: 595.75272 | BK22: 575.06797 | BL22: 588.851 | BM22: 567.746 | BN22: 551.04581 | BO22: 556.757 | BP22: 583.089 | BQ22: 274.074 | BR22: 329.307 | BS22: 458.026
A23: Secundario incompleto | B23: 750.56122 | C23: 746.1318 | D23: 727.19773 | E23: 696.09118 | F23: 715.61722 | G23: 714.93459 | H23: 709.06199 | I23: 665.71773 | J23: 710.85929 | K23: 731.82987 | L23: 657.62553 | M23: 699.60326 | N23: 693.74978 | O23: 689.43044 | P23: 673.22991 | Q23: 707.09137 | R23: … | S23: 715.59084 | T23: 618.20488 | U23: 609.15829 | V23: 613.30048 | W23: 683.6893 | X23: 635.11324 | Y23: 615.59552 | Z23: 619.95539 | AA23: 685.22396 | AB23: 623.9114 | AC23: 661.92516 | AD23: 687.62799 | AE23: 647.56224 | AF23: 637.05806 | AG23: 707.12467 | AH23: 703.70695 | AI23: 691.13239 | AJ23: 619.75463 | AK23: 650.2822 | AL23: 686.02669 | AM23: 710.59846 | AN23: 619.15995 | AO23: 686.89266 | AP23: 728.20209 | AQ23: 699.96532 | AR23: 752.34154 | AS23: 718.01255 | AT23: 687.32427 | AU23: 701.61979 | AV23: 618.05933 | AW23: 708.47252 | AX23: … | AY23: … | AZ23: … | BA23: 637.929 | BB23: 717.74003 | BC23: 713.39141 | BD23: 677.59511 | BE23: 689.56615 | BF23: 742.82451 | BG23: 732.30656 | BH23: 687.72347 | BI23: 705.81608 | BJ23: 742.63015 | BK23: 745.0365 | BL23: 720.761 | BM23: 721.727 | BN23: 711.33634 | BO23: 774.869 | BP23: 713.298 | BQ23: 417.629 | BR23: 522.942 | BS23: 632.444
A24: Secundario completo | B24: 532.00349 | C24: 606.13574 | D24: 557.64466 | E24: 604.75805 | F24: 613.48683 | G24: 630.91991 | H24: 557.17374 | I24: 631.11851 | J24: 638.08687 | K24: 605.28275 | L24: 650.05499 | M24: 612.00584 | N24: 581.29288 | O24: 641.42464 | P24: 594.04011 | Q24: 653.52938 | R24: … | S24: 608.34154 | T24: 591.83038 | U24: 613.002 | V24: 598.13401 | W24: 628.79971 | X24: 575.32039 | Y24: 632.56412 | Z24: 651.42968 | AA24: 624.1033 | AB24: 603.65468 | AC24: 651.31119 | AD24: 666.18531 | AE24: 650.44901 | AF24: 616.74694 | AG24: 649.55738 | AH24: 647.26802 | AI24: 673.40626 | AJ24: 622.47425 | AK24: 669.74949 | AL24: 733.6002 | AM24: 720.17987 | AN24: 647.9275 | AO24: 729.63575 | AP24: 704.91828 | AQ24: 721.38084 | AR24: 661.40131 | AS24: 672.63383 | AT24: 685.0811 | AU24: 751.63327 | AV24: 700.80857 | AW24: 689.5312 | AX24: … | AY24: … | AZ24: … | BA24: 719.53 | BB24: 749.02769 | BC24: 751.04533 | BD24: 744.33635 | BE24: 797.02037 | BF24: 816.43454 | BG24: 795.58609 | BH24: 825.09694 | BI24: 842.45959 | BJ24: 827.49576 | BK24: 824.08768 | BL24: 825.33 | BM24: 862.574 | BN24: 870.6974 | BO24: 867.784 | BP24: 831.818 | BQ24: 492.452 | BR24: 623.975 | BS24: 779.022
A25: Terc/univ incompleto | B25: 359.93959 | C25: 362.65545 | D25: 351.94248 | E25: 386.36697 | F25: 378.95203 | G25: 400.75707 | H25: 358.60378 | I25: 382.09956 | J25: 371.42075 | K25: 386.75744 | L25: 333.69491 | M25: 380.89307 | N25: 421.14973 | O25: 363.63571 | P25: 358.82538 | Q25: 358.54048 | R25: … | S25: 337.11332 | T25: 330.19422 | U25: 335.44255 | V25: 330.58146 | W25: 353.04524 | X25: 322.41548 | Y25: 327.7378 | Z25: 324.4639 | AA25: 338.52836 | AB25: 326.43529 | AC25: 342.99867 | AD25: 331.02038 | AE25: 297.78127 | AF25: 308.7453 | AG25: 329.99706 | AH25: 316.35238 | AI25: 336.58731 | AJ25: 308.13515 | AK25: 341.45638 | AL25: 347.22793 | AM25: 324.51008 | AN25: 307.44159 | AO25: 327.31627 | AP25: 325.81848 | AQ25: 315.90276 | AR25: 279.55315 | AS25: 305.85091 | AT25: 336.78585 | AU25: 335.85383 | AV25: 314.41982 | AW25: 281.55946 | AX25: … | AY25: … | AZ25: … | BA25: 369.172 | BB25: 357.09403 | BC25: 338.60498 | BD25: 377.65306 | BE25: 403.67156 | BF25: 387.65719 | BG25: 437.31788 | BH25: 400.64161 | BI25: 404.30236 | BJ25: 378.41346 | BK25: 451.33213 | BL25: 427.162 | BM25: 411.82 | BN25: 408.94191 | BO25: 435.718 | BP25: 482.226 | BQ25: 231.826 | BR25: 284.967 | BS25: 343.013
A26: Terc/univ completo | B26: 236.9633 | C26: 249.57038 | D26: 227.24497 | E26: 258.98483 | F26: 234.2673 | G26: 243.6443 | H26: 239.02449 | I26: 271.98837 | J26: 273.80318 | K26: 245.70762 | L26: 272.38701 | M26: 256.03206 | N26: 255.88065 | O26: 269.32095 | P26: 269.22243 | Q26: 244.72302 | R26: … | S26: 260.75014 | T26: 259.29574 | U26: 210.42808 | V26: 222.26159 | W26: 263.24583 | X26: 222.422 | Y26: 233.42311 | Z26: 237.23469 | AA26: 217.22249 | AB26: 244.88137 | AC26: 274.54478 | AD26: 240.25636 | AE26: 217.93107 | AF26: 227.58774 | AG26: 238.80907 | AH26: 285.51247 | AI26: 253.13618 | AJ26: 233.77936 | AK26: 227.53682 | AL26: 246.57519 | AM26: 251.1733 | AN26: 273.27272 | AO26: 260.21917 | AP26: 268.78038 | AQ26: 228.68762 | AR26: 221.18126 | AS26: 234.40784 | AT26: 224.35893 | AU26: 242.37977 | AV26: 215.68517 | AW26: 213.25778 | AX26: … | AY26: … | AZ26: … | BA26: 230.207 | BB26: 255.17386 | BC26: 269.82765 | BD26: 257.66855 | BE26: 242.40146 | BF26: 271.25528 | BG26: 299.13372 | BH26: 281.10987 | BI26: 282.69929 | BJ26: 290.80523 | BK26: 340.83981 | BL26: 320.673 | BM26: 301.387 | BN26: 340.7484 | BO26: 363.124 | BP26: 339.926 | BQ26: 234.918 | BR26: 269.165 | BS26: 304.367
A27: Rama de actividad
A28: Actividades primarias | B28: 70.707194 | C28: 85.931513 | D28: 78.797284 | E28: 74.819969 | F28: 80.671493 | G28: 66.941356 | H28: 53.902867 | I28: 66.37733 | J28: 65.315092 | K28: 57.951361 | L28: 47.97546 | M28: 56.27271 | N28: 38.881192 | O28: 40.703827 | P28: 38.510305 | Q28: 29.503953 | R28: … | S28: 25.137031 | T28: 36.202463 | U28: 28.862851 | V28: 36.926836 | W28: 32.70853 | X28: 27.287795 | Y28: 39.716005 | Z28: 20.941739 | AA28: 34.799016 | AB28: 34.775121 | AC28: 30.535885 | AD28: 28.786915 | AE28: 29.920675 | AF28: 48.880299 | AG28: 33.815717 | AH28: 23.853776 | AI28: 25.767632 | AJ28: 18.706378 | AK28: 14.961627 | AL28: 21.732123 | AM28: 23.978709 | AN28: 23.352849 | AO28: 24.965981 | AP28: 24.33034 | AQ28: 31.092291 | AR28: 20.302432 | AS28: 27.350436 | AT28: 16.413501 | AU28: 35.277236 | AV28: 21.185505 | AW28: 21.712874 | AX28: … | AY28: … | AZ28: … | BA28: 22.046018 | BB28: 15.015406 | BC28: 25.904466 | BD28: 15.212795 | BE28: 22.263561 | BF28: 17.68079 | BG28: 17.61642 | BH28: 18.353412 | BI28: 17.157191 | BJ28: 27.578648 | BK28: 18.119851 | BL28: 26.576 | BM28: 24.811 | BN28: 20.553945 | BO28: 22.182 | BP28: 22.132 | BQ28: 16.97 | BR28: 15.046 | BS28: 18.807
C29: =C28/B28-1 -> 0.21531499 | D29: =D28/C28-1 -> -0.08302227 | E29: =E28/D28-1 -> -0.050475275 | F29: =F28/E28-1 -> 0.078208048 | G29: =G28/F28-1 -> -0.17019812 | H29: =H28/G28-1 -> -0.1947748 | I29: =I28/H28-1 -> 0.23142484 | J29: =J28/I28-1 -> -0.016003014 | ... Q29: =Q28/P28-1 -> -0.23386861 | T29: =T28/S28-1 -> 0.4402044 | U29: =U28/T28-1 -> -0.20273791 | V29: =V28/U28-1 -> 0.27938975 | W29: =W28/V28-1 -> -0.11423416 | X29: =X28/W28-1 -> -0.16572849 | Y29: =Y28/X28-1 -> 0.45544941 | Z29: =Z28/Y28-1 -> -0.47271286 | AA29: =AA28/Z28-1 -> 0.66170617 | ... AW29: =AW28/AV28-1 -> 0.024892927 | BB29: =BB28/BA28-1 -> -0.31890622 | BC29: =BC28/BB28-1 -> 0.72519256 | BD29: =BD28/BC28-1 -> -0.41273466 | BE29: =BE28/BD28-1 -> 0.46347607 | BF29: =BF28/BE28-1 -> -0.20584178 | BG29: =BG28/BF28-1 -> -0.003640697 | BH29: =BH28/BG28-1 -> 0.041835541 | BI29: =BI28/BH28-1 -> -0.065177055 | ... BP29: =BP28/BO28-1 -> -0.0022540799 | BQ29: =BQ28/$BP28-1 -> -0.23323694 | BR29: =BR28/$BP28-1 -> -0.32016989 | BS29: =BS28/$BP28-1 -> -0.15023495
A30: Industria manufaturera | B30: 397.20929 | C30: 361.21635 | D30: 356.66037 | E30: 454.56047 | F30: 395.36117 | G30: 406.65221 | H30: 393.08503 | I30: 387.10419 | J30: 412.36957 | K30: 413.38432 | L30: 390.05819 | M30: 428.89523 | N30: 386.86771 | O30: 412.00215 | P30: 368.42255 | Q30: 416.85676 | R30: … | S30: 386.85754 | T30: 319.79537 | U30: 330.59247 | V30: 316.68801 | W30: 363.53501 | X30: 310.35183 | Y30: 301.54103 | Z30: 338.22931 | AA30: 356.90516 | AB30: 316.98617 | AC30: 344.8979 | AD30: 338.11204 | AE30: 323.74479 | AF30: 297.66297 | AG30: 329.23955 | AH30: 343.01006 | AI30: 337.34606 | AJ30: 312.4849 | AK30: 301.99536 | AL30: 335.98013 | AM30: 368.20076 | AN30: 322.76197 | AO30: 310.79716 | AP30: 345.09161 | AQ30: 344.02119 | AR30: 329.76225 | AS30: 295.22966 | AT30: 311.69423 | AU30: 319.94282 | AV30: 299.98792 | AW30: 315.478 | AX30: … | AY30: … | AZ30: … | BA30: 282.20981 | BB30: 325.03526 | BC30: 292.04637 | BD30: 273.16259 | BE30: 301.61931 | BF30: 306.11788 | BG30: 296.61074 | BH30: 302.45125 | BI30: 279.33531 | BJ30: 268.87137 | BK30: 262.27939 | BL30: 292.646 | BM30: 304.184 | BN30: 292.70193 | BO30: 290.539 | BP30: 299.139 | BQ30: 174.358 | BR30: 214.778 | BS30: 305.98
C31: =C30/B30-1 -> -0.090614548 | D31: =D30/C30-1 -> -0.012612869 | E31: =E30/D30-1 -> 0.2744911 | F31: =F30/E30-1 -> -0.13023415 | G31: =G30/F30-1 -> 0.0285588 | H31: =H30/G30-1 -> -0.0333631 | I31: =I30/H30-1 -> -0.015215135 | J31: =J30/I30-1 -> 0.065267631 | ... Q31: =Q30/P30-1 -> 0.13146374 | T31: =T30/S30-1 -> -0.17335109 | U31: =U30/T30-1 -> 0.033762542 | V31: =V30/U30-1 -> -0.042059216 | W31: =W30/V30-1 -> 0.1479279 | X31: =X30/W30-1 -> -0.14629452 | Y31: =Y30/X30-1 -> -0.028389719 | Z31: =Z30/Y30-1 -> 0.12166931 | AA31: =AA30/Z30-1 -> 0.055216531 | ... AW31: =AW30/AV30-1 -> 0.051635699 | BB31: =BB30/BA30-1 -> 0.15175041 | BC31: =BC30/BB30-1 -> -0.10149328 | BD31: =BD30/BC30-1 -> -0.064660185 | BE31: =BE30/BD30-1 -> 0.104175 | BF31: =BF30/BE30-1 -> 0.014914726 | BG31: =BG30/BF30-1 -> -0.031057107 | BH31: =BH30/BG30-1 -> 0.019690832 | BI31: =BI30/BH30-1 -> -0.076428654 | ... BP31: =BP30/BO30-1 -> 0.029600157 | BQ31: =BQ30/$BP30-1 -> -0.41713384 | BR31: =BR30/$BP30-1 -> -0.28201271 | BS31: =BS30/$BP30-1 -> 0.022868967
A32: Construcción | B32: 255.93623 | C32: 271.64 | D32: 291.25485 | E32: 269.61063 | F32: 295.7383 | G32: 320.35775 | H32: 314.87648 | I32: 299.1307 | J32: 339.40477 | K32: 344.8521 | L32: 342.92765 | M32: 354.8951 | N32: 341.29855 | O32: 390.51969 | P32: 375.8191 | Q32: 326.01788 | R32: … | S32: 340.83439 | T32: 318.83238 | U32: 342.91164 | V32: 342.85312 | W32: 372.57253 | X32: 323.58132 | Y32: 346.4112 | Z32: 349.99241 | AA32: 305.69822 | AB32: 304.15821 | AC32: 342.36048 | AD32: 340.74214 | AE32: 334.88561 | AF32: 335.71769 | AG32: 349.74453 | AH32: 379.24606 | AI32: 370.01142 | AJ32: 375.32291 | AK32: 334.91484 | AL32: 370.24658 | AM32: 363.12776 | AN32: 312.22811 | AO32: 405.01608 | AP32: 415.43018 | AQ32: 368.44314 | AR32: 373.2894 | AS32: 367.05936 | AT32: 401.73255 | AU32: 408.83496 | AV32: 374.37889 | AW32: 422.38725 | AX32: … | AY32: … | AZ32: … | BA32: 454.26389 | BB32: 395.21948 | BC32: 394.83944 | BD32: 382.78031 | BE32: 408.00524 | BF32: 435.50462 | BG32: 385.71496 | BH32: 372.90167 | BI32: 373.92557 | BJ32: 456.26197 | BK32: 438.06538 | BL32: 380.842 | BM32: 415.746 | BN32: 443.40549 | BO32: 444.499 | BP32: 393.9 | BQ32: 206.886 | BR32: 303.052 | BS32: 477.661
C33: =C32/B32-1 -> 0.061358133 | D33: =D32/C32-1 -> 0.072209005 | E33: =E32/D32-1 -> -0.0743137 | F33: =F32/E32-1 -> 0.09690891 | G33: =G32/F32-1 -> 0.083247432 | H33: =H32/G32-1 -> -0.017109843 | I33: =I32/H32-1 -> -0.050006209 | J33: =J32/I32-1 -> 0.13463703 | ... Q33: =Q32/P32-1 -> -0.13251382 | T33: =T32/S32-1 -> -0.064553388 | U33: =U32/T32-1 -> 0.075523244 | V33: =V32/U32-1 -> -0.00017063817 | W33: =W32/V32-1 -> 0.086682617 | X33: =X32/W32-1 -> -0.13149442 | Y33: =Y32/X32-1 -> 0.070553759 | Z33: =Z32/Y32-1 -> 0.010338048 | AA33: =AA32/Z32-1 -> -0.12655759 | ... AW33: =AW32/AV32-1 -> 0.1282347 | BB33: =BB32/BA32-1 -> -0.12997821 | BC33: =BC32/BB32-1 -> -0.00096159298 | BD33: =BD32/BC32-1 -> -0.030541867 | BE33: =BE32/BD32-1 -> 0.065899233 | BF33: =BF32/BE32-1 -> 0.067399575 | BG33: =BG32/BF32-1 -> -0.11432635 | BH33: =BH32/BG32-1 -> -0.033219574 | BI33: =BI32/BH32-1 -> 0.0027457661 | ... BP33: =BP32/BO32-1 -> -0.11383378 | BQ33: =BQ32/$BP32-1 -> -0.47477532 | BR33: =BR32/$BP32-1 -> -0.23063722 | BS33: =BS32/$BP32-1 -> 0.21264534
A34: Comercio | B34: 505.0845 | C34: 504.37105 | D34: 472.77658 | E34: 495.55996 | F34: 516.41333 | G34: 558.7231 | H34: 503.06203 | I34: 493.7107 | J34: 500.36055 | K34: 514.59578 | L34: 475.20736 | M34: 476.84203 | N34: 501.22131 | O34: 491.84973 | P34: 490.87968 | Q34: 487.41876 | R34: … | S34: 509.33421 | T34: 520.51644 | U34: 458.49709 | V34: 450.51411 | W34: 472.19112 | X34: 503.0118 | Y34: 450.57463 | Z34: 468.61638 | AA34: 502.66685 | AB34: 471.81646 | AC34: 485.00173 | AD34: 473.95588 | AE34: 493.78375 | AF34: 487.56628 | AG34: 515.26859 | AH34: 444.96317 | AI34: 442.22853 | AJ34: 393.59247 | AK34: 464.83042 | AL34: 502.17965 | AM34: 438.25804 | AN34: 435.31226 | AO34: 451.62502 | AP34: 478.41102 | AQ34: 457.54316 | AR34: 421.23684 | AS34: 442.67221 | AT34: 430.64527 | AU34: 519.1274 | AV34: 399.13777 | AW34: 403.71628 | AX34: … | AY34: … | AZ34: … | BA34: 436.61139 | BB34: 495.52356 | BC34: 454.92359 | BD34: 461.28954 | BE34: 467.77286 | BF34: 494.76718 | BG34: 512.49824 | BH34: 467.84179 | BI34: 469.24196 | BJ34: 480.01853 | BK34: 486.46913 | BL34: 477.527 | BM34: 483.034 | BN34: 520.98202 | BO34: 489.833 | BP34: 538.579 | BQ34: 332.625 | BR34: 362.328 | BS34: 415.044
C35: =C34/B34-1 -> -0.0014125394 | D35: =D34/C34-1 -> -0.062641323 | E35: =E34/D34-1 -> 0.048190583 | F35: =F34/E34-1 -> 0.042080422 | G35: =G34/F34-1 -> 0.081930043 | H35: =H34/G34-1 -> -0.099621919 | I35: =I34/H34-1 -> -0.018588825 | J35: =J34/I34-1 -> 0.013469126 | ... Q35: =Q34/P34-1 -> -0.0070504543 | T35: =T34/S34-1 -> 0.021954586 | U35: =U34/T34-1 -> -0.11914964 | V35: =V34/U34-1 -> -0.017411183 | W35: =W34/V34-1 -> 0.048116163 | X35: =X34/W34-1 -> 0.065271625 | Y35: =Y34/X34-1 -> -0.1042464 | Z35: =Z34/Y34-1 -> 0.040041649 | AA35: =AA34/Z34-1 -> 0.072661701 | ... AW35: =AW34/AV34-1 -> 0.011471013 | BB35: =BB34/BA34-1 -> 0.13493047 | BC35: =BC34/BB34-1 -> -0.081933482 | BD35: =BD34/BC34-1 -> 0.013993438 | BE35: =BE34/BD34-1 -> 0.014054778 | BF35: =BF34/BE34-1 -> 0.057708181 | BG35: =BG34/BF34-1 -> 0.035837175 | BH35: =BH34/BG34-1 -> -0.087134844 | BI35: =BI34/BH34-1 -> 0.0029928284 | ... BP35: =BP34/BO34-1 -> 0.099515549 | BQ35: =BQ34/$BP34-1 -> -0.38240258 | BR35: =BR34/$BP34-1 -> -0.3272519 | BS35: =BS34/$BP34-1 -> -0.22937211
A36: Hoteles y restaurantes | B36: 101.03744 | C36: 141.82512 | D36: 126.82352 | E36: 123.82016 | F36: 135.81856 | G36: 139.85756 | H36: 129.39247 | I36: 133.82445 | J36: 127.87564 | K36: 125.75394 | L36: 144.04928 | M36: 130.61634 | N36: 135.87135 | O36: 139.11227 | P36: 120.46026 | Q36: 125.06371 | R36: … | S36: 126.90115 | T36: 134.58268 | U36: 122.6463 | V36: 117.79027 | W36: 155.46106 | X36: 123.27974 | Y36: 111.483 | Z36: 117.87361 | AA36: 136.94972 | AB36: 131.94445 | AC36: 139.52497 | AD36: 114.4748 | AE36: 136.44253 | AF36: 136.42089 | AG36: 126.66755 | AH36: 138.60639 | AI36: 147.80793 | AJ36: 136.45378 | AK36: 145.00881 | AL36: 139.00893 | AM36: 159.12106 | AN36: 133.02587 | AO36: 146.28092 | AP36: 126.48391 | AQ36: 114.47968 | AR36: 142.06349 | AS36: 119.78562 | AT36: 144.01863 | AU36: 132.91758 | AV36: 136.72795 | AW36: 130.41442 | AX36: … | AY36: … | AZ36: … | BA36: 153.96559 | BB36: 139.58114 | BC36: 148.5016 | BD36: 151.44202 | BE36: 153.39564 | BF36: 160.46651 | BG36: 176.12077 | BH36: 182.88388 | BI36: 193.35949 | BJ36: 166.6685 | BK36: 177.06843 | BL36: 205.389 | BM36: 176.713 | BN36: 135.03341 | BO36: 185.93 | BP36: 200.909 | BQ36: 64.42 | BR36: 94.487 | BS36: 101.676
C37: =C36/B36-1 -> 0.40368881 | D37: =D36/C36-1 -> -0.10577538 | E37: =E36/D36-1 -> -0.023681414 | F37: =F36/E36-1 -> 0.096901817 | G37: =G36/F36-1 -> 0.02973822 | H37: =H36/G36-1 -> -0.074826733 | I37: =I36/H36-1 -> 0.034252226 | J37: =J36/I36-1 -> -0.044452384 | ... Q37: =Q36/P36-1 -> 0.038215525 | T37: =T36/S36-1 -> 0.060531532 | U37: =U36/T36-1 -> -0.088691763 | V37: =V36/U36-1 -> -0.039593758 | W37: =W36/V36-1 -> 0.31981238 | X37: =X36/W36-1 -> -0.20700566 | Y37: =Y36/X36-1 -> -0.095690799 | Z37: =Z36/Y36-1 -> 0.057323639 | AA37: =AA36/Z36-1 -> 0.16183521 | ... AW37: =AW36/AV36-1 -> -0.0461758 | BB37: =BB36/BA36-1 -> -0.093426406 | BC37: =BC36/BB36-1 -> 0.063908791 | BD37: =BD36/BC36-1 -> 0.01980062 | BE37: =BE36/BD36-1 -> 0.012900068 | BF37: =BF36/BE36-1 -> 0.046095641 | BG37: =BG36/BF36-1 -> 0.097554712 | BH37: =BH36/BG36-1 -> 0.038400394 | BI37: =BI36/BH36-1 -> 0.057280154 | ... BP37: =BP36/BO36-1 -> 0.080562577 | BQ37: =BQ36/$BP36-1 -> -0.67935732 | BR37: =BR36/$BP36-1 -> -0.5297025 | BS37: =BS36/$BP36-1 -> -0.49392013
A38: Transporte, almacenaje y comunicaciones | B38: 200.57311 | C38: 227.21109 | D38: 233.20387 | E38: 228.21049 | F38: 258.78913 | G38: 265.26799 | H38: 255.20712 | I38: 246.11099 | J38: 251.09965 | K38: 256.46884 | L38: 223.33926 | M38: 211.86474 | N38: 239.91547 | O38: 211.26076 | P38: 218.01422 | Q38: 245.64958 | R38: … | S38: 224.77571 | T38: 209.74959 | U38: 233.20396 | V38: 184.82635 | W38: 237.67111 | X38: 224.46146 | Y38: 220.08628 | Z38: 206.48834 | AA38: 203.49753 | AB38: 233.64477 | AC38: 237.41121 | AD38: 220.729 | AE38: 201.34315 | AF38: 209.34803 | AG38: 218.66231 | AH38: 181.56025 | AI38: 206.22342 | AJ38: 223.52991 | AK38: 231.03791 | AL38: 250.34946 | AM38: 289.30456 | AN38: 222.70937 | AO38: 217.57101 | AP38: 224.29964 | AQ38: 245.57923 | AR38: 203.26675 | AS38: 201.9471 | AT38: 194.8531 | AU38: 217.21179 | AV38: 221.58129 | AW38: 208.82609 | AX38: … | AY38: … | AZ38: … | BA38: 250.01072 | BB38: 211.05459 | BC38: 211.58536 | BD38: 233.42439 | BE38: 238.56612 | BF38: 224.25634 | BG38: 206.38441 | BH38: 210.66539 | BI38: 213.23534 | BJ38: 191.32479 | BK38: 207.50986 | BL38: 208.717 | BM38: 215.865 | BN38: 210.48311 | BO38: 202.637 | BP38: 179.502 | BQ38: 111.029 | BR38: 150.61 | BS38: 138.111
C39: =C38/B38-1 -> 0.13280932 | D39: =D38/C38-1 -> 0.026375387 | E39: =E38/D38-1 -> -0.02141208 | F39: =F38/E38-1 -> 0.13399316 | G39: =G38/F38-1 -> 0.02503526 | H39: =H38/G38-1 -> -0.037927186 | I39: =I38/H38-1 -> -0.035642145 | J39: =J38/I38-1 -> 0.02026997 | ... Q39: =Q38/P38-1 -> 0.1267594 | T39: =T38/S38-1 -> -0.066849395 | U39: =U38/T38-1 -> 0.11182081 | V39: =V38/U38-1 -> -0.20744761 | W39: =W38/V38-1 -> 0.28591572 | X39: =X38/W38-1 -> -0.055579565 | Y39: =Y38/X38-1 -> -0.019491897 | Z39: =Z38/Y38-1 -> -0.061784601 | AA39: =AA38/Z38-1 -> -0.01448414 | ... AW39: =AW38/AV38-1 -> -0.057564442 | BB39: =BB38/BA38-1 -> -0.15581785 | BC39: =BC38/BB38-1 -> 0.0025148253 | BD39: =BD38/BC38-1 -> 0.10321619 | BE39: =BE38/BD38-1 -> 0.022027373 | BF39: =BF38/BE38-1 -> -0.059982427 | BG39: =BG38/BF38-1 -> -0.079694207 | BH39: =BH38/BG38-1 -> 0.020742726 | BI39: =BI38/BH38-1 -> 0.012199205 | ... BP39: =BP38/BO38-1 -> -0.11416967 | BQ39: =BQ38/$BP38-1 -> -0.38146093 | BR39: =BR38/$BP38-1 -> -0.16095642 | BS39: =BS38/$BP38-1 -> -0.23058796
A40: Servicios financieros, inmobiliarios, alquileres y empresariales | B40: 186.33426 | C40: 187.06468 | D40: 221.68583 | E40: 199.60046 | F40: 204.64569 | G40: 228.73529 | H40: 223.73247 | I40: 208.16751 | J40: 218.20881 | K40: 193.73073 | L40: 185.71595 | M40: 198.57301 | N40: 211.8159 | O40: 199.80331 | P40: 212.55475 | Q40: 212.75332 | R40: … | S40: 204.15959 | T40: 188.01938 | U40: 182.22633 | V40: 191.9256 | W40: 206.01329 | X40: 190.03404 | Y40: 213.90903 | Z40: 171.92086 | AA40: 194.55804 | AB40: 170.93495 | AC40: 207.78659 | AD40: 187.39565 | AE40: 196.41077 | AF40: 179.62398 | AG40: 191.49683 | AH40: 176.82095 | AI40: 203.66508 | AJ40: 156.31851 | AK40: 169.1 | AL40: 174.50436 | AM40: 200.95962 | AN40: 170.50865 | AO40: 187.32226 | AP40: 168.72503 | AQ40: 177.1365 | AR40: 165.04982 | AS40: 141.71925 | AT40: 149.83043 | AU40: 156.63938 | AV40: 145.32591 | AW40: 151.14404 | AX40: … | AY40: … | AZ40: … | BA40: 165.09148 | BB40: 152.48763 | BC40: 201.28308 | BD40: 240.16326 | BE40: 206.75858 | BF40: 177.6079 | BG40: 184.97948 | BH40: 210.76931 | BI40: 181.79614 | BJ40: 178.1166 | BK40: 219.71632 | BL40: 229.823 | BM40: 216.827 | BN40: 226.18268 | BO40: 208.411 | BP40: 228.167 | BQ40: 122.004 | BR40: 136.387 | BS40: 189.794
C41: =C40/B40-1 -> 0.0039199186 | D41: =D40/C40-1 -> 0.18507584 | E41: =E40/D40-1 -> -0.099624668 | F41: =F40/E40-1 -> 0.025276681 | G41: =G40/F40-1 -> 0.11771369 | H41: =H40/G40-1 -> -0.021871652 | I41: =I40/H40-1 -> -0.069569515 | J41: =J40/I40-1 -> 0.048236616 | ... Q41: =Q40/P40-1 -> 0.00093420873 | T41: =T40/S40-1 -> -0.079056845 | U41: =U40/T40-1 -> -0.030810919 | V41: =V40/U40-1 -> 0.053226502 | W41: =W40/V40-1 -> 0.073401866 | X41: =X40/W40-1 -> -0.077564208 | Y41: =Y40/X40-1 -> 0.12563534 | Z41: =Z40/Y40-1 -> -0.19628984 | AA41: =AA40/Z40-1 -> 0.13167213 | ... AW41: =AW40/AV40-1 -> 0.040035041 | BB41: =BB40/BA40-1 -> -0.076344684 | BC41: =BC40/BB40-1 -> 0.31999612 | BD41: =BD40/BC40-1 -> 0.19316173 | BE41: =BE40/BD40-1 -> -0.13909157 | BF41: =BF40/BE40-1 -> -0.14098895 | BG41: =BG40/BF40-1 -> 0.041504779 | BH41: =BH40/BG40-1 -> 0.13941993 | BI41: =BI40/BH40-1 -> -0.13746388 | ... BP41: =BP40/BO40-1 -> 0.094793461 | BQ41: =BQ40/$BP40-1 -> -0.46528639 | BR41: =BR40/$BP40-1 -> -0.40224923 | BS41: =BS40/$BP40-1 -> -0.16817945
A42: Enseñanza | B42: 136.30919 | C42: 135.73709 | D42: 114.83959 | E42: 120.42842 | F42: 108.99851 | G42: 105.58114 | H42: 87.293879 | I42: 109.52162 | J42: 106.04596 | K42: 91.753759 | L42: 89.870519 | M42: 87.140108 | N42: 78.627827 | O42: 92.180289 | P42: 57.177545 | Q42: 66.037576 | R42: … | S42: 94.548328 | T42: 63.514555 | U42: 61.511528 | V42: 60.785861 | W42: 60.971676 | X42: 48.977519 | Y42: 70.742891 | Z42: 55.075926 | AA42: 50.92947 | AB42: 59.400434 | AC42: 50.558024 | AD42: 49.605813 | AE42: 53.930689 | AF42: 54.666966 | AG42: 63.487738 | AH42: 57.410226 | AI42: 66.026661 | AJ42: 50.431161 | AK42: 63.882269 | AL42: 65.832437 | AM42: 67.519241 | AN42: 45.625434 | AO42: 69.499587 | AP42: 64.344222 | AQ42: 52.618741 | AR42: 67.110454 | AS42: 70.800028 | AT42: 70.497006 | AU42: 76.844965 | AV42: 52.076186 | AW42: 54.541018 | AX42: … | AY42: … | AZ42: … | BA42: 83.979008 | BB42: 61.996483 | BC42: 77.094047 | BD42: 50.411542 | BE42: 65.809151 | BF42: 71.859524 | BG42: 84.97837 | BH42: 71.391647 | BI42: 82.51186 | BJ42: 92.09174 | BK42: 95.486688 | BL42: 77.628 | BM42: 77.016 | BN42: 81.637394 | BO42: 88.026 | BP42: 72.849 | BQ42: 39.922 | BR42: 40.272 | BS42: 53.282
C43: =C42/B42-1 -> -0.0041970324 | D43: =D42/C42-1 -> -0.15395571 | E43: =E42/D42-1 -> 0.048666426 | F43: =F42/E42-1 -> -0.094910479 | G43: =G42/F42-1 -> -0.031352417 | H43: =H42/G42-1 -> -0.17320575 | I43: =I42/H42-1 -> 0.25463119 | J43: =J42/I42-1 -> -0.031734976 | ... Q43: =Q42/P42-1 -> 0.15495648 | T43: =T42/S42-1 -> -0.32823185 | U43: =U42/T42-1 -> -0.03153651 | V43: =V42/U42-1 -> -0.011797243 | W43: =W42/V42-1 -> 0.0030568746 | X43: =X42/W42-1 -> -0.19671687 | Y43: =Y42/X42-1 -> 0.44439517 | Z43: =Z42/Y42-1 -> -0.22146346 | AA43: =AA42/Z42-1 -> -0.075286183 | ... AW43: =AW42/AV42-1 -> 0.047331273 | BB43: =BB42/BA42-1 -> -0.26176215 | BC43: =BC42/BB42-1 -> 0.24352292 | BD43: =BD42/BC42-1 -> -0.34610331 | BE43: =BE42/BD42-1 -> 0.30543816 | BF43: =BF42/BE42-1 -> 0.091938174 | BG43: =BG42/BF42-1 -> 0.18256238 | BH43: =BH42/BG42-1 -> -0.15988449 | BI43: =BI42/BH42-1 -> 0.1557635 | ... BP43: =BP42/BO42-1 -> -0.17241497 | BQ43: =BQ42/$BP42-1 -> -0.45198973 | BR43: =BR42/$BP42-1 -> -0.44718527 | BS43: =BS42/$BP42-1 -> -0.26859669
A44: Servicios sociales y de salud | B44: 333.78522 | C44: 302.89285 | D44: 280.5506 | E44: 248.73419 | F44: 297.59137 | G44: 255.0289 | H44: 238.70509 | I44: 252.3254 | J44: 232.24554 | K44: 244.00853 | L44: 231.67895 | M44: 226.45867 | N44: 219.9001 | O44: 185.0383 | P44: 200.88671 | Q44: 165.16381 | R44: … | S44: 148.2217 | T44: 144.44111 | U44: 139.44082 | V44: 134.82052 | W44: 146.41029 | X44: 141.61245 | Y44: 120.00806 | Z44: 134.23572 | AA44: 119.31762 | AB44: 128.24181 | AC44: 108.39897 | AD44: 131.69418 | AE44: 114.39217 | AF44: 125.7999 | AG44: 114.78252 | AH44: 110.88594 | AI44: 108.28809 | AJ44: 131.53564 | AK44: 109.64011 | AL44: 122.59758 | AM44: 91.80235 | AN44: 91.460948 | AO44: 108.61007 | AP44: 118.11062 | AQ44: 82.294322 | AR44: 99.421211 | AS44: 110.2982 | AT44: 110.8009 | AU44: 106.08209 | AV44: 112.89977 | AW44: 89.381746 | AX44: … | AY44: … | AZ44: … | BA44: 108.86405 | BB44: 143.60872 | BC44: 140.6241 | BD44: 107.95551 | BE44: 132.72896 | BF44: 131.22411 | BG44: 139.14366 | BH44: 127.69794 | BI44: 148.61587 | BJ44: 144.71747 | BK44: 135.32633 | BL44: 141.338 | BM44: 133.39 | BN44: 151.47677 | BO44: 177.245 | BP44: 163.884 | BQ44: 101.487 | BR44: 138.238 | BS44: 175.647
C45: =C44/B44-1 -> -0.09255164 | D45: =D44/C44-1 -> -0.073762884 | E45: =E44/D44-1 -> -0.11340701 | F45: =F44/E44-1 -> 0.19642326 | G45: =G44/F44-1 -> -0.14302321 | H45: =H44/G44-1 -> -0.064007676 | I45: =I44/H44-1 -> 0.057059154 | J45: =J44/I44-1 -> -0.079579249 | ... Q45: =Q44/P44-1 -> -0.17782608 | T45: =T44/S44-1 -> -0.025506297 | U45: =U44/T44-1 -> -0.034618218 | V45: =V44/U44-1 -> -0.033134471 | W45: =W44/V44-1 -> 0.085964419 | X45: =X44/W44-1 -> -0.032769799 | Y45: =Y44/X44-1 -> -0.15255999 | Z45: =Z44/Y44-1 -> 0.11855585 | AA45: =AA44/Z44-1 -> -0.11113363 | ... AW45: =AW44/AV44-1 -> -0.20830886 | BB45: =BB44/BA44-1 -> 0.31915649 | BC45: =BC44/BB44-1 -> -0.020783024 | BD45: =BD44/BC44-1 -> -0.2323115 | BE45: =BE44/BD44-1 -> 0.22947837 | BF45: =BF44/BE44-1 -> -0.011337743 | BG45: =BG44/BF44-1 -> 0.060351324 | BH45: =BH44/BG44-1 -> -0.082258258 | BI45: =BI44/BH44-1 -> 0.16380788 | ... BP45: =BP44/BO44-1 -> -0.075381534 | BQ45: =BQ44/$BP44-1 -> -0.38073882 | BR45: =BR44/$BP44-1 -> -0.15648874 | BS45: =BS44/$BP44-1 -> 0.071776378
A46: Trabajo doméstico | B46: 631.11618 | C46: 598.95969 | D46: 580.38269 | E46: 602.34194 | F46: 618.37118 | G46: 637.80524 | H46: 663.93018 | I46: 676.00186 | J46: 650.1508 | K46: 699.85363 | L46: 692.43652 | M46: 677.63187 | N46: 706.08132 | O46: 718.91994 | P46: 702.86071 | Q46: 707.3344 | R46: … | S46: 700.41118 | T46: 675.18371 | U46: 651.97223 | V46: 691.07185 | W46: 667.13376 | X46: 691.14893 | Y46: 690.33396 | Z46: 675.04559 | AA46: 655.18084 | AB46: 645.27635 | AC46: 687.92929 | AD46: 724.71526 | AE46: 615.57652 | AF46: 620.62074 | AG46: 668.73416 | AH46: 688.9001 | AI46: 673.28272 | AJ46: 654.25762 | AK46: 695.73054 | AL46: 707.41663 | AM46: 673.42668 | AN46: 626.1276 | AO46: 670.2528 | AP46: 648.16504 | AQ46: 637.43471 | AR46: 594.50399 | AS46: 638.94509 | AT46: 633.14859 | AU46: 608.7216 | AV46: 596.27309 | AW46: 657.48306 | AX46: … | AY46: … | AZ46: … | BA46: 632.9332 | BB46: 665.47553 | BC46: 672.61644 | BD46: 596.02045 | BE46: 626.63502 | BF46: 655.49833 | BG46: 665.44052 | BH46: 634.91683 | BI46: 638.48201 | BJ46: 681.19896 | BK46: 695.04231 | BL46: 704.441 | BM46: 673.611 | BN46: 641.32041 | BO46: 669.398 | BP46: 673.674 | BQ46: 336.4 | BR46: 435.521 | BS46: 502.478
C47: =C46/B46-1 -> -0.05095178 | D47: =D46/C46-1 -> -0.031015441 | E47: =E46/D46-1 -> 0.03783581 | F47: =F46/E46-1 -> 0.026611532 | G47: =G46/F46-1 -> 0.031427815 | H47: =H46/G46-1 -> 0.04096069 | I47: =I46/H46-1 -> 0.018182149 | J47: =J46/I46-1 -> -0.038241101 | ... Q47: =Q46/P46-1 -> 0.0063649753 | T47: =T46/S46-1 -> -0.036018081 | U47: =U46/T46-1 -> -0.034378026 | V47: =V46/U46-1 -> 0.059971304 | W47: =W46/V46-1 -> -0.034639084 | X47: =X46/W46-1 -> 0.035997538 | Y47: =Y46/X46-1 -> -0.0011791491 | Z47: =Z46/Y46-1 -> -0.022146346 | AA47: =AA46/Z46-1 -> -0.029427269 | ... AW47: =AW46/AV46-1 -> 0.10265427 | BB47: =BB46/BA46-1 -> 0.051415109 | BC47: =BC46/BB46-1 -> 0.010730536 | BD47: =BD46/BC46-1 -> -0.11387766 | BE47: =BE46/BD46-1 -> 0.051364966 | BF47: =BF46/BE46-1 -> 0.046060801 | BG47: =BG46/BF46-1 -> 0.01516737 | BH47: =BH46/BG46-1 -> -0.045869905 | BI47: =BI46/BH46-1 -> 0.005615194 | ... BP47: =BP46/BO46-1 -> 0.0063878291 | BQ47: =BQ46/$BP46-1 -> -0.50064868 | BR47: =BR46/$BP46-1 -> -0.35351372 | BS47: =BS46/$BP46-1 -> -0.25412291
A48: Otros servicios comunitarios, sociales y personales 5 | B48: 356.88013 | C48: 446.19085 | D48: 434.6337 | E48: 404.53573 | F48: 359.823 | G48: 405.62013 | H48: 378.8679 | I48: 407.64486 | J48: 380.37098 | K48: 354.28111 | L48: 352.48915 | M48: 367.95817 | N48: 306.34926 | O48: 300.53971 | P48: 280.44041 | Q48: 305.1557 | R48: … | S48: 255.66284 | T48: 232.73027 | U48: 214.91562 | V48: 243.86333 | W48: 245.8913 | X48: 218.77379 | Y48: 214.3737 | Z48: 258.13259 | AA48: 259.11046 | AB48: 233.14632 | AC48: 272.06362 | AD48: 271.72962 | AE48: 259.8501 | AF48: 244.80248 | AG48: 250.23425 | AH48: 310.08778 | AI48: 282.02529 | AJ48: 248.97367 | AK48: 260.31647 | AL48: 277.74453 | AM48: 236.67728 | AN48: 250.78181 | AO48: 269.63301 | AP48: 292.62048 | AQ48: 284.554 | AR48: 286.45329 | AS48: 287.38792 | AT48: 256.66096 | AU48: 290.95107 | AV48: 292.96954 | AW48: 285.86999 | AX48: … | AY48: … | AZ48: … | BA48: 196.19957 | BB48: 226.2734 | BC48: 231.75171 | BD48: 214.73543 | BE48: 211.29401 | BF48: 258.74621 | BG48: 307.88032 | BH48: 255.03167 | BI48: 295.79769 | BJ48: 262.98221 | BK48: 326.37544 | BL48: 295.059 | BM48: 279.696 | BN48: 277.20935 | BO48: 326.19 | BP48: 319.862 | BQ48: 195.218 | BR48: 231.545 | BS48: 223.237
C49: =C48/B48-1 -> 0.25025412 | D49: =D48/C48-1 -> -0.025901794 | E49: =E48/D48-1 -> -0.069249064 | F49: =F48/E48-1 -> -0.11052851 | G49: =G48/F48-1 -> 0.12727683 | H49: =H48/G48-1 -> -0.06595389 | I49: =I48/H48-1 -> 0.075955121 | J49: =J48/I48-1 -> -0.066905979 | ... Q49: =Q48/P48-1 -> 0.088130262 | T49: =T48/S48-1 -> -0.089698515 | U49: =U48/T48-1 -> -0.076546312 | V49: =V48/U48-1 -> 0.13469337 | W49: =W48/V48-1 -> 0.0083160167 | X49: =X48/W48-1 -> -0.11028255 | Y49: =Y48/X48-1 -> -0.020112511 | Z49: =Z48/Y48-1 -> 0.20412438 | AA49: =AA48/Z48-1 -> 0.0037882412 | ... AW49: =AW48/AV48-1 -> -0.024233061 | BB49: =BB48/BA48-1 -> 0.1532818 | BC49: =BC48/BB48-1 -> 0.024211047 | BD49: =BD48/BC48-1 -> -0.073424654 | BE49: =BE48/BD48-1 -> -0.016026305 | BF49: =BF48/BE48-1 -> 0.22457899 | BG49: =BG48/BF48-1 -> 0.18989308 | BH49: =BH48/BG48-1 -> -0.17165322 | BI49: =BI48/BH48-1 -> 0.15984688 | ... BP49: =BP48/BO48-1 -> -0.019399736 | BQ49: =BQ48/$BP48-1 -> -0.38968055 | BR49: =BR48/$BP48-1 -> -0.2761097 | BS49: =BS48/$BP48-1 -> -0.3020834
A50: Otras ramas | B50: 5.4407356 | C50: 4.6069649 | D50: 1.5126133 | E50: 5.8537206 | F50: 3.5917978 | G50: 4.4931406 | H50: 10.324004 | I50: 5.5298263 | J50: 6.71651 | K50: 8.695266 | L50: 5.7516477 | M50: 7.3128581 | N50: 6.6262926 | O50: 5.3772004 | P50: 3.4261116 | Q50: 6.6722113 | R50: … | S50: 4.3209506 | T50: 3.2231661 | U50: 4.3504488 | V50: 1.7956547 | W50: 4.7745588 | X50: 8.5803823 | Y50: 1.7313019 | Z50: 3.5876529 | AA50: 4.4263875 | AB50: 6.4410479 | AC50: 9.1678224 | AD50: 7.2184588 | AE50: 4.2129833 | AF50: 11.967158 | AG50: 11.630472 | AH50: 4.5440169 | AI50: 6.899783 | AJ50: 15.722608 | AK50: 20.080105 | AL50: 6.7470387 | AM50: 8.5478849 | AN50: 14.377083 | AO50: 23.31892 | AP50: 21.493142 | AQ50: 22.386449 | AR50: 20.852949 | AS50: 16.894448 | AT50: 26.955091 | AU50: 15.713713 | AV50: 10.879585 | AW50: 12.714322 | AX50: … | AY50: … | AZ50: … | BA50: 24.351264 | BB50: 16.846034 | BC50: 16.125396 | BD50: 13.04373 | BE50: 11.4445 | BF50: 7.9525173 | BG50: 16.67611 | BH50: 18.137653 | BI50: 11.400761 | BJ50: 15.04703 | BK50: 13.992799 | BL50: 8.498 | BM50: 13.995 | BN50: 20.700063 | BO50: 18.265 | BP50: 16.889 | BQ50: 13.381 | BR50: 11.181 | BS50: 5.385
A51: Sin especificar | B51: 3.9776038 | C51: 2.369501 | D51: 9.5476719 | E51: 7.8202527 | F51: 4.3054609 | G51: 14.862005 | H51: 10.462203 | I51: 4.8758927 | J51: 8.2472685 | K51: 4.5725724 | L51: 7.7436268 | M51: 1.2837491 | N51: 13.113063 | O51: 14.217974 | P51: 5.1452492 | Q51: 12.032056 | R51: … | S51: 11.05664 | T51: 9.2580951 | U51: 12.874647 | V51: 16.525921 | W51: 8.0948389 | X51: 5.2844647 | Y51: 12.552194 | Z51: 13.666521 | AA51: 10.008594 | AB51: 7.7035178 | AC51: 10.762271 | AD51: 5.9647641 | AE51: 7.0608658 | AF51: 13.397202 | AG51: 4.3284528 | AH51: 18.382661 | AI51: 10.698679 | AJ51: 15.356703 | AK51: 17.723425 | AL51: 5.4800423 | AM51: 8.2321726 | AN51: 9.4144615 | AO51: 17.652245 | AP51: 30.388671 | AQ51: 24.070827 | AR51: 14.435647 | AS51: 13.84249 | AT51: 24.998455 | AU51: 10.394686 | AV51: 11.031025 | AW51: 13.850781 | AX51: … | AY51: … | AZ51: … | BA51: 51.506 | BB51: 51.623932 | BC51: 20.964837 | BD51: 55.144232 | BE51: 37.855116 | BF51: 46.5646 | BG51: 40.06569 | BH51: 39.855132 | BI51: 43.611522 | BJ51: 47.931167 | BK51: 34.224142 | BL51: 35.595 | BM51: 36.101 | BN51: 32.846129 | BO51: 33.995 | BP51: 26.709 | BQ51: 17.972 | BR51: 36.719 | BS51: 31.899
A52: Tamaño del establecimiento
A53: hasta 5 personas | B53: 1608.2778 | C53: 1702.3887 | D53: 1669.2811 | E53: 1717.1189 | F53: 1760.7712 | G53: 1818.8452 | H53: 1774.3794 | I53: 1740.4689 | J53: 1760.2802 | K53: 1791.5886 | L53: 1704.3353 | M53: 1780.0801 | N53: 1765.9919 | O53: 1792.2671 | P53: 1760.8146 | Q53: 1716.8555 | R53: … | S53: 1739.0075 | T53: 1613.2104 | U53: 1631.4193 | V53: 1661.6232 | W53: 1713.0964 | X53: 1662.4091 | Y53: 1698.4112 | Z53: 1665.1552 | AA53: 1706.4351 | AB53: 1636.7044 | AC53: 1689.4791 | AD53: 1741.5271 | AE53: 1606.5322 | AF53: 1620.5479 | AG53: 1740.7853 | AH53: 1649.659 | AI53: 1603.1906 | AJ53: 1527.6132 | AK53: 1668.263 | AL53: 1814.713 | AM53: 1713.058 | AN53: 1548.0476 | AO53: 1711.922 | AP53: 1743.7177 | AQ53: 1637.3587 | AR53: 1572.5632 | AS53: 1591.9364 | AT53: 1608.3298 | AU53: 1644.751 | AV53: 1548.2077 | AW53: 1569.9895 | AX53: … | AY53: … | AZ53: … | BA53: 1601.583 | BB53: 1703.5857 | BC53: 1664.473 | BD53: 1620.494 | BE53: 1685.051 | BF53: 1717.1949 | BG53: 1745.2386 | BH53: 1614.4283 | BI53: 1710.8867 | BJ53: 1796.7371 | BK53: 1835.7548 | BL53: 1728.215 | BM53: 1809.535 | BN53: 1758.8914 | BO53: 1809.889 | BP53: 1773.129 | BQ53: 975.078 | BR53: 1261.546 | BS53: 1546.512
A54: de 6 a 40 personas | B54: 978.97756 | C54: 898.94363 | D54: 991.61819 | E54: 928.75873 | F54: 918.90909 | G54: 1004.9102 | H54: 876.21565 | I54: 955.55951 | J54: 918.5779 | K54: 945.46697 | L54: 929.60903 | M54: 927.26467 | N54: 890.86632 | O54: 827.73936 | P54: 822.97126 | Q54: 826.34158 | R54: … | S54: 740.58678 | T54: 727.22672 | U54: 656.11247 | V54: 645.34977 | W54: 825.76223 | X54: 729.86094 | Y54: 615.84111 | Z54: 699.38535 | AA54: 696.12416 | AB54: 691.72625 | AC54: 734.82592 | AD54: 703.76036 | AE54: 733.68229 | AF54: 765.88785 | AG54: 687.29303 | AH54: 757.4242 | AI54: 789.55879 | AJ54: 717.94358 | AK54: 661.51756 | AL54: 686.89088 | AM54: 717.18009 | AN54: 682.6051 | AO54: 676.19089 | AP54: 687.45749 | AQ54: 646.96594 | AR54: 669.07116 | AS54: 663.22253 | AT54: 640.48021 | AU54: 740.86802 | AV54: 682.80631 | AW54: 660.33973 | AX54: … | AY54: … | AZ54: … | BA54: 715.508 | BB54: 678.10272 | BC54: 711.3269 | BD54: 675.42705 | BE54: 733.54753 | BF54: 770.84361 | BG54: 794.75688 | BH54: 749.28816 | BI54: 728.12982 | BJ54: 763.54613 | BK54: 695.85116 | BL54: 770.128 | BM54: 724.746 | BN54: 756.82067 | BO54: 752.292 | BP54: 769.18 | BQ54: 415.238 | BR54: 485.542 | BS54: 602.144
A55: más de 40 personas | B55: 342.84158 | C55: 381.35864 | D55: 311.28299 | E55: 309.47241 | F55: 328.71484 | G55: 326.41639 | H55: 343.37831 | I55: 321.70878 | J55: 361.98755 | K55: 324.40874 | L55: 322.35752 | M55: 327.55083 | N55: 320.69679 | O55: 316.02297 | P55: 288.30628 | Q55: 302.85197 | R55: … | S55: 253.25826 | T55: 270.22179 | U55: 261.02591 | V55: 255.32665 | W55: 260.70008 | X55: 283.55786 | Y55: 272.01616 | Z55: 244.91771 | AA55: 268.8681 | AB55: 274.08467 | AC55: 294.8676 | AD55: 274.10407 | AE55: 273.26062 | AF55: 230.52966 | AG55: 293.1585 | AH55: 269.43728 | AI55: 299.71229 | AJ55: 296.57009 | AK55: 262.12202 | AL55: 251.23625 | AM55: 261.33574 | AN55: 238.78048 | AO55: 257.49574 | AP55: 271.64957 | AQ55: 286.60171 | AR55: 248.71919 | AS55: 271.38792 | AT55: 275.91373 | AU55: 285.50985 | AV55: 210.34667 | AW55: 248.23968 | AX55: … | AY55: … | AZ55: … | BA55: 216.125 | BB55: 220.74306 | BC55: 243.54165 | BD55: 228.68664 | BE55: 247.36562 | BF55: 260.10738 | BG55: 258.03177 | BH55: 292.2195 | BI55: 313.61738 | BJ55: 247.44341 | BK55: 307.58003 | BL55: 305.589 | BM55: 281.834 | BN55: 315.74394 | BO55: 305.893 | BP55: 321.515 | BQ55: 206.896 | BR55: 249.774 | BS55: 273.542
A56: Sin especificar | B56: 254.29415 | C56: 287.32579 | D56: 230.48686 | E56: 280.43114 | F56: 271.72389 | G56: 259.754 | H56: 268.86838 | I56: 272.58815 | J56: 257.56547 | K56: 248.43764 | L56: 232.94173 | M56: 190.84899 | N56: 209.01434 | O56: 265.49572 | P56: 202.50549 | Q56: 259.61069 | R56: … | S56: 299.3687 | T56: 245.39031 | U56: 235.44824 | V56: 228.08781 | W56: 173.87037 | X56: 140.5576 | Y56: 207.19475 | Z56: 204.62569 | AA56: 162.62052 | AB56: 141.95432 | AC56: 207.22613 | AD56: 175.89459 | AE56: 158.07948 | AF56: 149.50917 | AG56: 156.85586 | AH56: 201.75086 | AI56: 187.80958 | AJ56: 190.5594 | AK56: 237.3193 | AL56: 226.97938 | AM56: 237.58225 | AN56: 188.25319 | AO56: 256.9364 | AP56: 255.06915 | AQ56: 270.72785 | AR56: 247.39492 | AS56: 207.38494 | AT56: 247.52498 | AU56: 227.53036 | AV56: 233.09371 | AW56: 288.95095 | AX56: … | AY56: … | AZ56: … | BA56: 277.31 | BB56: 297.30969 | BC56: 268.91886 | BD56: 270.17811 | BE56: 218.18391 | BF56: 240.38247 | BG56: 236.08245 | BH56: 256.96163 | BI56: 195.83678 | BJ56: 205.0823 | BK56: 270.49008 | BL56: 280.147 | BM56: 234.874 | BN56: 223.07666 | BO56: 289.076 | BP56: 272.371 | BQ56: 135.46 | BR56: 173.302 | BS56: 216.803
A57: Calificación de la tarea
A58: Profesional | B58: 110.06958 | C58: 131.28197 | D58: 135.69284 | E58: 125.12018 | F58: 117.79462 | G58: 130.92859 | H58: 122.51117 | I58: 130.0457 | J58: 148.24704 | K58: 126.99227 | L58: 122.15951 | M58: 128.46564 | N58: 116.21307 | O58: 144.61685 | P58: 137.12207 | Q58: 117.46661 | R58: … | S58: 136.33451 | T58: 124.83313 | U58: 109.28775 | V58: 103.86055 | W58: 123.38957 | X58: 107.47034 | Y58: 120.61644 | Z58: 127.10856 | AA58: 92.009418 | AB58: 116.00922 | AC58: 110.84805 | AD58: 118.20392 | AE58: 127.09252 | AF58: 112.84031 | AG58: 113.73048 | AH58: 119.66065 | AI58: 126.34682 | AJ58: 117.44146 | AK58: 110.72767 | AL58: 110.4346 | AM58: 103.48036 | AN58: 108.6325 | AO58: 122.58414 | AP58: 108.93674 | AQ58: 83.638929 | AR58: 90.878758 | AS58: 102.70046 | AT58: 99.775211 | AU58: 93.047694 | AV58: 98.589697 | AW58: 78.879878 | AX58: … | AY58: … | AZ58: … | BA58: 92.837976 | BB58: 101.3285 | BC58: 121.70342 | BD58: 78.503928 | BE58: 116.54748 | BF58: 117.76579 | BG58: 119.66364 | BH58: 111.84019 | BI58: 132.10136 | BJ58: 118.4005 | BK58: 135.15029 | BL58: 127.93653 | BM58: 137.98349 | BN58: 152.00464 | BO58: 139.25257 | BP58: 135.04832 | BQ58: 86.715473 | BR58: 106.86273 | BS58: 117.9187
A59: Técnica | B59: 202.89555 | C59: 238.48459 | D59: 216.40221 | E59: 244.66726 | F59: 187.657 | G59: 207.5289 | H59: 200.3271 | I59: 201.84646 | J59: 245.11362 | K59: 199.5136 | L59: 208.38788 | M59: 224.75535 | N59: 204.44261 | O59: 211.79688 | P59: 198.82482 | Q59: 235.17624 | R59: … | S59: 209.36383 | T59: 204.8447 | U59: 174.60013 | V59: 187.08497 | W59: 212.5355 | X59: 177.88465 | Y59: 171.00273 | Z59: 200.04709 | AA59: 201.27207 | AB59: 194.57269 | AC59: 229.47935 | AD59: 168.54379 | AE59: 185.3812 | AF59: 195.11089 | AG59: 195.18126 | AH59: 204.79722 | AI59: 201.57196 | AJ59: 186.95732 | AK59: 195.16051 | AL59: 229.09125 | AM59: 225.80495 | AN59: 189.38032 | AO59: 195.53979 | AP59: 216.61835 | AQ59: 210.7735 | AR59: 210.22252 | AS59: 200.16656 | AT59: 195.62152 | AU59: 222.70325 | AV59: 184.43239 | AW59: 196.12049 | AX59: … | AY59: … | AZ59: … | BA59: 195.13108 | BB59: 214.74583 | BC59: 210.81675 | BD59: 191.07097 | BE59: 214.79979 | BF59: 196.62549 | BG59: 244.54565 | BH59: 217.49917 | BI59: 243.34983 | BJ59: 199.7687 | BK59: 249.85702 | BL59: 227.61954 | BM59: 251.04683 | BN59: 234.03795 | BO59: 265.85197 | BP59: 237.03742 | BQ59: 171.07982 | BR59: 145.98269 | BS59: 173.75803
A60: Operativa | B60: 1295.4013 | C60: 1311.1774 | D60: 1353.8461 | E60: 1382.106 | F60: 1488.1992 | G60: 1464.0818 | H60: 1339.8039 | I60: 1392.9481 | J60: 1352.6037 | K60: 1403.5525 | L60: 1306.101 | M60: 1360.0121 | N60: 1343.9628 | O60: 1348.7661 | P60: 1291.533 | Q60: 1309.6083 | R60: … | S60: 1204.3647 | T60: 1132.8437 | U60: 1140.3949 | V60: 1141.0166 | W60: 1284.5354 | X60: 1173.6822 | Y60: 1077.7803 | Z60: 1094.6313 | AA60: 1156.3425 | AB60: 1045.309 | AC60: 1133.846 | AD60: 1120.4313 | AE60: 1069.0979 | AF60: 1138.3992 | AG60: 1132.5983 | AH60: 1167.9475 | AI60: 1178.0223 | AJ60: 1128.6487 | AK60: 1078.5989 | AL60: 1151.1449 | AM60: 1270.3029 | AN60: 1016.5618 | AO60: 1221.3885 | AP60: 1323.8606 | AQ60: 1245.1525 | AR60: 1200.5427 | AS60: 1121.22 | AT60: 1145.9871 | AU60: 1202.4975 | AV60: 1140.1545 | AW60: 1195.5551 | AX60: … | AY60: … | AZ60: … | BA60: 1212.7665 | BB60: 1182.9444 | BC60: 1122.8451 | BD60: 1207.6582 | BE60: 1216.306 | BF60: 1246.7791 | BG60: 1220.276 | BH60: 1202.1826 | BI60: 1201.0133 | BJ60: 1215.8186 | BK60: 1230.9677 | BL60: 1233.7422 | BM60: 1230.3746 | BN60: 1216.8896 | BO60: 1256.6312 | BP60: 1254.8969 | BQ60: 678.62624 | BR60: 957.16313 | BS60: 1136.5292
A61: Sin calificación | B61: 1576.0247 | C61: 1589.0728 | D61: 1496.728 | E61: 1484.0029 | F61: 1486.4681 | G61: 1607.3865 | H61: 1600.1996 | I61: 1565.4851 | J61: 1552.4468 | K61: 1579.8435 | L61: 1552.5952 | M61: 1512.5115 | N61: 1521.9509 | O61: 1496.3454 | P61: 1447.1177 | Q61: 1443.4086 | R61: … | S61: 1482.1582 | T61: 1393.5277 | U61: 1359.7231 | V61: 1358.4253 | W61: 1352.9686 | X61: 1357.3484 | Y61: 1424.0638 | Z61: 1392.297 | AA61: 1384.4239 | AB61: 1388.5787 | AC61: 1452.2253 | AD61: 1488.1071 | AE61: 1389.983 | AF61: 1320.1242 | AG61: 1436.5826 | AH61: 1385.866 | AI61: 1374.3302 | AJ61: 1299.6388 | AK61: 1444.7348 | AL61: 1489.1488 | AM61: 1329.5679 | AN61: 1343.1118 | AO61: 1363.0327 | AP61: 1308.4782 | AQ61: 1302.0893 | AR61: 1236.1046 | AS61: 1309.8448 | AT61: 1330.8649 | AU61: 1380.4108 | AV61: 1251.2778 | AW61: 1296.9644 | AX61: … | AY61: … | AZ61: … | BA61: 1309.7905 | BB61: 1400.7225 | BC61: 1432.8952 | BD61: 1317.5527 | BE61: 1336.4948 | BF61: 1427.0761 | BG61: 1449.6244 | BH61: 1381.3756 | BI61: 1372.0062 | BJ61: 1478.8212 | BK61: 1493.7011 | BL61: 1494.7808 | BM61: 1431.5841 | BN61: 1451.6005 | BO61: 1495.4143 | BP61: 1509.2124 | BQ61: 796.25047 | BR61: 960.15545 | BS61: 1210.7951
A62: Horas trabajadas
A63: hasta 19 | B63: 714.62447 | C63: 713.47859 | D63: 647.9137 | E63: 734.25319 | F63: 676.39431 | G63: 758.53759 | H63: 656.86966 | I63: 703.48174 | J63: 727.14979 | K63: 755.01382 | L63: 660.44918 | M63: 711.13411 | N63: 728.50272 | O63: 687.12551 | P63: 621.48569 | Q63: 716.7486 | R63: … | S63: 682.9987 | T63: 555.99626 | U63: 616.54431 | V63: 626.93048 | W63: 602.13926 | X63: 619.70511 | Y63: 708.1875 | Z63: 687.66542 | AA63: 683.37943 | AB63: 604.64115 | AC63: 657.40585 | AD63: 645.59924 | AE63: 628.34163 | AF63: 562.19202 | AG63: 607.93384 | AH63: 662.68454 | AI63: 630.67237 | AJ63: 611.91207 | AK63: 675.44022 | AL63: 743.87602 | AM63: 664.85976 | AN63: 577.83783 | AO63: 717.14275 | AP63: 653.17774 | AQ63: 641.18919 | AR63: 565.85829 | AS63: 632.37186 | AT63: 596.00828 | AU63: 632.14681 | AV63: 567.42944 | AW63: 661.78339 | AX63: … | AY63: … | AZ63: … | BA63: 709.235 | BB63: 2899.7412 | BC63: 748.19348 | BD63: 625.61949 | BE63: 727.73197 | BF63: 735.85381 | BG63: 785.28611 | BH63: 685.95186 | BI63: 787.47255 | BJ63: 795.00039 | BK63: 815.55184 | BL63: 810.145 | BM63: 870.186 | BN63: 829.51341 | BO63: 841.556 | BP63: 818.382 | BQ63: 1732.672 | BR63: 587.905 | BS63: 715.534
A64: 20 a 34 | B64: 1007.1533 | C64: 1021.3527 | D64: 955.37578 | E64: 948.31737 | F64: 997.37163 | G64: 1001.4833 | H64: 862.09397 | I64: 917.79965 | J64: 922.36846 | K64: 844.04598 | L64: 798.98546 | M64: 866.15184 | N64: 809.08309 | O64: 769.52559 | P64: 684.73522 | Q64: 741.50366 | R64: … | S64: 682.64855 | T64: 666.64781 | U64: 667.05933 | V64: 668.52725 | W64: 887.87947 | X64: 597.21815 | Y64: 644.83437 | Z64: 693.9165 | AA64: 632.36731 | AB64: 618.60703 | AC64: 722.6384 | AD64: 723.39168 | AE64: 612.24836 | AF64: 658.12033 | AG64: 703.09833 | AH64: 717.93994 | AI64: 680.51288 | AJ64: 612.60665 | AK64: 729.39698 | AL64: 732.64077 | AM64: 671.04108 | AN64: 609.3309 | AO64: 685.17053 | AP64: 736.58603 | AQ64: 636.23227 | AR64: 636.4887 | AS64: 701.85465 | AT64: 681.16455 | AU64: 738.70684 | AV64: 603.68101 | AW64: 689.35476 | AX64: … | AY64: … | AZ64: … | BA64: 736.395 | BB64: 706.16852 | BC64: 711.55461 | BD64: 675.86916 | BE64: 751.07996 | BF64: 754.23763 | BG64: 794.17512 | BH64: 704.79717 | BI64: 740.39708 | BJ64: 808.38226 | BK64: 844.04032 | BL64: 748.512 | BM64: 792.072 | BN64: 795.64749 | BO64: 800.822 | BP64: 728.773 | BQ64: 458.342 | BR64: 502.617 | BS64: 678.04
A65: 35 a 45 | B65: 552.6858 | C65: 619.57339 | D65: 546.50134 | E65: 616.80654 | F65: 570.52412 | G65: 692.9444 | H65: 624.82294 | I65: 667.36428 | J65: 655.28979 | K65: 675.59302 | L65: 619.47304 | M65: 668.12316 | N65: 644.03536 | O65: 740.09191 | P65: 692.62832 | Q65: 704.20849 | R65: … | S65: 709.98536 | T65: 609.81261 | U65: 621.62215 | V65: 662.46543 | W65: 507.89159 | X65: 639.91266 | Y65: 657.80044 | Z65: 608.56227 | AA65: 623.55476 | AB65: 624.96632 | AC65: 735.06257 | AD65: 664.88622 | AE65: 675.87837 | AF65: 635.45909 | AG65: 763.86818 | AH65: 669.90866 | AI65: 717.66295 | AJ65: 590.91106 | AK65: 647.32445 | AL65: 720.50362 | AM65: 730.06223 | AN65: 650.73866 | AO65: 741.23375 | AP65: 730.6023 | AQ65: 735.79047 | AR65: 665.22804 | AS65: 677.69557 | AT65: 750.8451 | AU65: 745.85375 | AV65: 637.70199 | AW65: 721.93269 | AX65: … | AY65: … | AZ65: … | BA65: 609.998 | BB65: 704.03351 | BC65: 673.69727 | BD65: 654.23416 | BE65: 649.84279 | BF65: 702.8599 | BG65: 695.89 | BH65: 692.40881 | BI65: 677.2147 | BJ65: 688.7149 | BK65: 699.62579 | BL65: 695.963 | BM65: 678.593 | BN65: 716.55499 | BO65: 749.331 | BP65: 747.297 | BQ65: 398.369 | BR65: 543.485 | BS65: 641.619
A66: 46 a 60 | B66: 539.33418 | C66: 574.38071 | D66: 582.38194 | E66: 572.91749 | F66: 607.98194 | G66: 594.00962 | H66: 622.94506 | I66: 638.48629 | J66: 639.45991 | K66: 651.19232 | L66: 651.77097 | M66: 633.36254 | N66: 663.10769 | O66: 668.12122 | P66: 616.89427 | Q66: 631.07934 | R66: … | S66: 643.34409 | T66: 613.39323 | U66: 617.99251 | V66: 603.24799 | W66: 541.23726 | X66: 572.66094 | Y66: 538.95998 | Z66: 544.15884 | AA66: 589.81885 | AB66: 557.97661 | AC66: 536.48247 | AD66: 582.46421 | AE66: 599.41638 | AF66: 570.58145 | AG66: 550.5241 | AH66: 581.99474 | AI66: 598.84716 | AJ66: 566.65349 | AK66: 524.6501 | AL66: 550.57839 | AM66: 590.4869 | AN66: 514.06497 | AO66: 532.47447 | AP66: 590.81992 | AQ66: 602.53959 | AR66: 549.00654 | AS66: 511.6097 | AT66: 540.06301 | AU66: 551.78841 | AV66: 554.84184 | AW66: 513.56663 | AX66: … | AY66: … | AZ66: … | BA66: 490.377 | BB66: 753.8028 | BC66: 543.24895 | BD66: 514.13116 | BE66: 521.25686 | BF66: 548.87622 | BG66: 532.03972 | BH66: 493.89227 | BI66: 524.22495 | BJ66: 491.75038 | BK66: 530.37927 | BL66: 495.458 | BM66: 489.823 | BN66: 480.81375 | BO66: 542.959 | BP66: 512.401 | BQ66: 283.079 | BR66: 307.206 | BS66: 423.515
A67: más de 60 | B67: 304.73304 | C67: 281.69601 | D67: 338.04561 | E67: 283.74876 | F67: 352.90522 | G67: 301.91797 | H67: 332.15654 | I67: 306.63425 | J67: 278.28264 | K67: 316.10666 | L67: 291.17004 | M67: 288.55517 | N67: 275.02757 | O67: 287.15582 | P67: 292.77588 | Q67: 262.14537 | R67: … | S67: 270.40353 | T67: 288.01153 | U67: 217.80004 | V67: 186.29445 | W67: 314.16304 | X67: 239.43987 | Y67: 209.17926 | Z67: 219.09873 | AA67: 255.91186 | AB67: 204.32903 | AC67: 216.54819 | AD67: 244.96408 | AE67: 212.43485 | AF67: 230.23947 | AG67: 219.63157 | AH67: 190.56776 | AI67: 211.35946 | AJ67: 217.07596 | AK67: 202.25462 | AL67: 171.10686 | AM67: 224.21911 | AN67: 178.41184 | AO67: 183.35526 | AP67: 187.83993 | AQ67: 181.39644 | AR67: 160.63785 | AS67: 166.16849 | AT67: 158.08405 | AU67: 172.85828 | AV67: 166.78422 | AW67: 146.13188 | AX67: … | AY67: … | AZ67: … | BA67: 177.673 | BB67: 547.69804 | BC67: 147.10806 | BD67: 170.95046 | BE67: 158.15098 | BF67: 165.58064 | BG67: 164.03511 | BH67: 153.11897 | BI67: 147.28584 | BJ67: 162.87973 | BK67: 173.53211 | BL67: 179.621 | BM67: 132.857 | BN67: 166.87802 | BO67: 167.553 | BP67: 138.301 | BQ67: 190.499 | BR67: 94.875 | BS67: 92.45
A68: No trabajó en la semana | B68: 65.860252 | C68: 59.535375 | D68: 132.45081 | E68: 79.853027 | F68: 74.941769 | G68: 61.032933 | H68: 163.95357 | I68: 56.559129 | J68: 75.860545 | K68: 67.950148 | L68: 167.39486 | M68: 58.41776 | N68: 66.812927 | O68: 49.505092 | P68: 166.07822 | Q68: 49.974245 | R68: … | S68: 42.841053 | T68: 122.18776 | U68: 42.987593 | V68: 42.921842 | W68: 120.11846 | X68: 147.44878 | Y68: 34.501719 | Z68: 60.682207 | AA68: 49.015687 | AB68: 133.94949 | AC68: 58.261286 | AD68: 33.980647 | AE68: 43.235012 | AF68: 109.88222 | AG68: 33.036657 | AH68: 55.175733 | AI68: 41.216475 | AJ68: 133.52702 | AK68: 50.155534 | AL68: 61.113826 | AM68: 48.487034 | AN68: 127.30222 | AO68: 43.168278 | AP68: 58.867986 | AQ68: 44.506248 | AR68: 160.52911 | AS68: 44.231531 | AT68: 46.083717 | AU68: 57.305187 | AV68: 144.01591 | AW68: 34.750529 | AX68: … | AY68: … | AZ68: … | BA68: 86.848 | BB68: 188.0383 | BC68: 64.458068 | BD68: 153.98137 | BE68: 76.085494 | BF68: 80.838303 | BG68: 62.68363 | BH68: 182.72849 | BI68: 71.875593 | BJ68: 66.081312 | BK68: 46.546731 | BL68: 154.38 | BM68: 87.458 | BN68: 65.125035 | BO68: 54.929 | BP68: 191.041 | BQ68: 61.317 | BR68: 134.076 | BS68: 87.843
A69: Ingreso per cápita familiar
A70: 1er Quintil | B70: 1006.41 | C70: 1066.7094 | D70: 1039.9781 | E70: 997.14593 | F70: 1066.33 | G70: 1120.8868 | H70: 1026.1251 | I70: 1049.1262 | J70: 1071.8656 | K70: 1061.2262 | L70: 1040.0681 | M70: 993.85556 | N70: 1023.1596 | O70: 991.28102 | P70: 982.61792 | Q70: 996.4855 | R70: … | S70: 964.8225 | T70: 899.00329 | U70: 872.10149 | V70: 943.79145 | W70: 950.37974 | X70: 954.35498 | Y70: 888.72751 | Z70: 944.21437 | AA70: 897.00911 | AB70: 845.16435 | AC70: 893.47608 | AD70: 945.42585 | AE70: 880.70282 | AF70: 924.2811 | AG70: 899.4098 | AH70: 907.15783 | AI70: 904.37707 | AJ70: 923.30467 | AK70: 915.92279 | AL70: 964.65493 | AM70: 905.11221 | AN70: 831.22322 | AO70: 887.63392 | AP70: 932.42048 | AQ70: 911.50078 | AR70: 884.61998 | AS70: 852.39588 | AT70: 875.74441 | AU70: 885.26393 | AV70: 873.65537 | AW70: 894.93289 | AX70: … | AY70: … | AZ70: … | BA70: 898.44087 | BB70: 995.88323 | BC70: 1036.9536 | BD70: 974.34817 | BE70: 923.50602 | BF70: 1012.7051 | BG70: 1052.3592 | BH70: 1054.4109 | BI70: 989.40108 | BJ70: 1097.3187 | BK70: 1049.6147 | BL70: 1087.271 | BM70: 996.136 | BN70: 1008.0224 | BO70: 1003.149 | BP70: 1072.103 | BQ70: 549.861 | BR70: 477.399 | BS70: 537.399
A71: 2do Quintil | B71: 841.73294 | C71: 765.50336 | D71: 796.77794 | E71: 807.7482 | F71: 859.63116 | G71: 801.79209 | H71: 881.9156 | I71: 817.63877 | J71: 816.24117 | K71: 835.65452 | L71: 839.11275 | M71: 818.83401 | N71: 835.17877 | O71: 836.49606 | P71: 766.56712 | Q71: 785.81111 | R71: … | S71: 700.00923 | T71: 770.77349 | U71: 693.92705 | V71: 663.38359 | W71: 714.69794 | X71: 704.0078 | Y71: 689.44538 | Z71: 671.96055 | AA71: 662.67479 | AB71: 713.40785 | AC71: 723.21171 | AD71: 710.83054 | AE71: 700.44199 | AF71: 627.29428 | AG71: 704.24451 | AH71: 681.89649 | AI71: 721.04277 | AJ71: 651.64386 | AK71: 750.037 | AL71: 769.22304 | AM71: 796.22643 | AN71: 676.55191 | AO71: 812.45218 | AP71: 787.82246 | AQ71: 700.67368 | AR71: 698.87177 | AS71: 766.73371 | AT71: 753.00031 | AU71: 817.42055 | AV71: 721.51268 | AW71: 782.04898 | AX71: … | AY71: … | AZ71: … | BA71: 806.47607 | BB71: 792.46928 | BC71: 730.67703 | BD71: 762.7033 | BE71: 733.28111 | BF71: 786.55586 | BG71: 774.47776 | BH71: 713.23521 | BI71: 759.39986 | BJ71: 769.07077 | BK71: 748.32025 | BL71: 784.85 | BM71: 727.338 | BN71: 791.35415 | BO71: 833.505 | BP71: 827.808 | BQ71: 442.392 | BR71: 436.378 | BS71: 523.118
A72: 3er Quintil | B72: 527.25212 | C72: 574.55229 | D72: 605.18975 | E72: 594.37896 | F72: 607.31604 | G72: 625.39162 | H72: 563.5954 | I72: 559.93579 | J72: 623.00849 | K72: 616.84637 | L72: 571.59661 | M72: 576.02498 | N72: 577.70979 | O72: 584.58212 | P72: 549.22697 | Q72: 531.28584 | R72: … | S72: 580.16147 | T72: 467.08583 | U72: 518.0304 | V72: 512.4581 | W72: 549.0447 | X72: 486.6432 | Y72: 476.95788 | Z72: 520.6868 | AA72: 538.35747 | AB72: 521.33163 | AC72: 579.39737 | AD72: 560.51603 | AE72: 526.40597 | AF72: 560.11698 | AG72: 566.35193 | AH72: 566.20033 | AI72: 556.19952 | AJ72: 488.06995 | AK72: 464.09216 | AL72: 559.11228 | AM72: 468.29904 | AN72: 526.04102 | AO72: 457.59201 | AP72: 532.23211 | AQ72: 525.32639 | AR72: 501.31523 | AS72: 499.5987 | AT72: 540.3281 | AU72: 513.90151 | AV72: 477.40098 | AW72: 456.74536 | AX72: … | AY72: … | AZ72: … | BA72: 488.2972 | BB72: 495.09771 | BC72: 476.54071 | BD72: 446.34002 | BE72: 506.15078 | BF72: 563.56531 | BG72: 522.74699 | BH72: 577.55664 | BI72: 493.28627 | BJ72: 544.14596 | BK72: 581.19484 | BL72: 555.353 | BM72: 512.772 | BN72: 583.49702 | BO72: 593.001 | BP72: 661.058 | BQ72: 369.819 | BR72: 324.284 | BS72: 337.105
A73: 4to Quintil | B73: 497.86747 | C73: 506.77024 | D73: 462.09369 | E73: 482.64344 | F73: 447.36873 | G73: 509.95664 | H73: 464.71018 | I73: 533.71509 | J73: 450.7736 | K73: 477.17591 | L73: 426.54674 | M73: 479.86991 | N73: 450.69608 | O73: 453.41206 | P73: 477.752 | Q73: 468.23754 | R73: … | S73: 469.85086 | T73: 444.78778 | U73: 419.75636 | V73: 423.1258 | W73: 440.81662 | X73: 414.9659 | Y73: 460.88602 | Z73: 422.54374 | AA73: 458.17548 | AB73: 399.11719 | AC73: 425.80771 | AD73: 424.76217 | AE73: 396.95267 | AF73: 406.16015 | AG73: 460.15241 | AH73: 450.66349 | AI73: 405.82193 | AJ73: 397.84868 | AK73: 419.11988 | AL73: 435.00006 | AM73: 455.39906 | AN73: 371.52419 | AO73: 455.58684 | AP73: 455.22113 | AQ73: 447.22724 | AR73: 373.0096 | AS73: 382.21799 | AT73: 383.0899 | AU73: 397.06019 | AV73: 339.68216 | AW73: 398.1992 | AX73: … | AY73: … | AZ73: … | BA73: 378.11902 | BB73: 388.63234 | BC73: 372.55222 | BD73: 353.12256 | BE73: 441.9746 | BF73: 395.70856 | BG73: 422.65066 | BH73: 342.8716 | BI73: 403.56826 | BJ73: 377.20854 | BK73: 404.8783 | BL73: 393.563 | BM73: 448.98 | BN73: 402.11816 | BO73: 428.947 | BP73: 391.726 | BQ73: 211.739 | BR73: 172.294 | BS73: 252.839
A74: 5to Quintil | B74: 311.12853 | C74: 356.48144 | D74: 298.62973 | E74: 353.97985 | F74: 299.47303 | G74: 351.89864 | H74: 326.49547 | I74: 329.90952 | J74: 336.52232 | K74: 318.99893 | L74: 311.91935 | M74: 357.16011 | N74: 299.82508 | O74: 335.75389 | P74: 298.43358 | Q74: 323.83971 | R74: … | S74: 317.37723 | T74: 274.39881 | U74: 280.19063 | V74: 247.62851 | W74: 318.49008 | X74: 256.41363 | Y74: 277.44648 | Z74: 254.6785 | AA74: 277.83105 | AB74: 265.4486 | AC74: 304.50589 | AD74: 253.75148 | AE74: 267.05116 | AF74: 248.62207 | AG74: 247.93402 | AH74: 272.35322 | AI74: 292.83 | AJ74: 271.81909 | AK74: 280.05006 | AL74: 251.82916 | AM74: 304.11939 | AN74: 252.34608 | AO74: 289.2801 | AP74: 250.19771 | AQ74: 256.92613 | AR74: 279.93195 | AS74: 232.98553 | AT74: 220.08599 | AU74: 285.01311 | AV74: 262.20322 | AW74: 235.59345 | AX74: … | AY74: … | AZ74: … | BA74: 239.19285 | BB74: 227.65861 | BC74: 271.53684 | BD74: 258.27175 | BE74: 279.23554 | BF74: 229.71163 | BG74: 261.87508 | BH74: 224.82325 | BI74: 302.81524 | BJ74: 225.065 | BK74: 325.66802 | BL74: 271.854 | BM74: 296.601 | BN74: 269.54099 | BO74: 319.889 | BP74: 257.734 | BQ74: 173.155 | BR74: 144.099 | BS74: 179.01
A76: Notas:
A77: 1. Empleo no registrado considerando a los asalariados de 18 años y más. De acuerdo a la Ley Nacional del Sistema Integrado de Jubilaciones y Pensiones (Ley 24.241), son los asalariados mayores de 18 años los que se encuentran obligados a realizar aportes a la seguridad social (Artículo 2).
A78: 2. El INDEC ha dispuesto que las series estadísticas de la EPH del período comprendido entre el 2° trimestre de 2007 y hasta diciembre 2015 deben ser consideradas con reservas, conforme a la emergencia estadística (Decretos 181/15 y 55/16) . Ver "Consideración sobre la revisión, evaluación y recuperación de la EPH" publicado por INDEC el 23/8/2016.
A79: 3. A partir del 1° trimestre de 2014 todas las viviendas seleccionadas para la EPH son extraídas de la Muestra Maestra Urbana de Viviendas (MMUVRA), basada en el CNPHV 2010, y todas las estimaciones finales se ajustan de acuerdo a las proyecciones de población del CNPHyV 2010. Esto produce cambios de diferente significación en relación a las estructuras de las poblaciones proyectadas lo cual impacta en las estimaciones sobre propiedades asociadas a la distribución por sexo o por edades. Las poblaciones ajustadas según las proyecciones del CNPHyV 2010 exhiben Tasas de actividad y de empleo menores que las ajustadas según las proyecciones del CNPHyV 2001. Es decir que las estimaciones de la EPH a partir del año 2014 no son estrictamente comparables con las anteriores.
A80: 4. Información no disponible
A81: 5. Incluye Administración pública y defensa, Asociaciones sindicales, empresariales y sociales, Servicios culturales y deportivos, entre otros.
A82: Fuente: MTEySS – SSPEyE - Dirección General de Estudios y Estadísticas Laborales, en base a EPH (INDEC).

Sheet Resumen
A1: Sectores | B1: Variaciones 1q ahead | D1: Variaciones 2q ahead | F1: Variaciones 3q ahead
B2: Formales | C2: Informales | D2: Formales | E2: Informales | F2: Formales | G2: Informales
A3: Actividades primarias | B3: -0.23378402 | C3: -0.23323694 | D3: -0.10632129 | E3: -0.32016989 | F3: -0.20277658 | G3: -0.15023495
A4: Industria manufacturera | B4: -0.038228718 | C4: -0.41713384 | D4: 0.0069150594 | E4: -0.28201271 | F4: 0.16824071 | G4: 0.022868967
A5: Construcción | B5: -0.25865936 | C5: -0.47477532 | D5: 0.0034958371 | E5: -0.23063722 | F5: 0.12603258 | G5: 0.21264534
A6: Comercio | B6: -0.22413696 | C6: -0.38240258 | D6: -0.091702494 | E6: -0.3272519 | F6: -0.091957679 | G6: -0.22937211
A7: Hoteles y restaurantes | B7: -0.29479681 | C7: -0.67935732 | D7: 0.038557227 | E7: -0.5297025 | F7: -0.26139826 | G7: -0.49392013
A8: Transporte, almacenaje y comunicaciones | B8: -0.16132562 | C8: -0.38146093 | D8: -0.075212622 | E8: -0.16095642 | F8: -0.076806749 | G8: -0.23058796
A9: Servicios financieros, inmobiliarios, alquileres y empresariales | B9: -0.10794847 | C9: -0.46528639 | D9: -0.072582809 | E9: -0.40224923 | F9: 0.042714837 | G9: -0.16817945
A10: Enseñanza | B10: 0.05835545 | C10: -0.45198973 | D10: 0.10267181 | E10: -0.44718527 | F10: 0.073002604 | G10: -0.26859669
A11: Servicios sociales y de salud | B11: 0.018647579 | C11: -0.38073882 | D11: 0.068015004 | E11: -0.15648874 | F11: 0.11976951 | G11: 0.071776378
A12: Trabajo doméstico | B12: -0.02495175 | C12: -0.50064868 | D12: -0.078628267 | E12: -0.35351372 | F12: -0.10063754 | G12: -0.25412291
A13: Otros servicios comunitarios, sociales y personales | B13: -0.18050978 | C13: -0.38968055 | D13: -0.15779969 | E13: -0.2761097 | F13: -0.06928864 | G13: -0.3020834
A14: Promedio | B14: =AVERAGE(B3:B13) -> -0.13157622 | C14: =AVERAGE(C3:C13) -> -0.43242828 | D14: =AVERAGE(D3:D13) -> -0.032962931 | E14: =AVERAGE(E3:E13) -> -0.3169343 | F14: =AVERAGE(F3:F13) -> -0.024827745 | G14: =AVERAGE(G3:G13) -> -0.16270972
