Workbook

Sheet Tabla 1
A1: AÑO | B1: POBREZA
B2: Incidencia (FGT0) | F2: Brecha (FGT1) | J2: Severidad (FGT2)
B3: Total nacional | C3: Principales ciudades | D3: Resto urbano | E3: Rural | F3: Total nacional | G3: Principales ciudades | H3: Resto urbano | I3: Rural | J3: Total nacional | K3: Principales ciudades | L3: Resto urbano | M3: Rural
A4: 2002 | B4: 49.368687 | C4: 35.907803 | D4: 59.349861 | E4: 60.916786 | F4: 21.707022 | G4: 13.825745 | H4: 27.427788 | I4: 28.608437 | J4: 12.646281 | K4: 7.4270291 | L4: 16.290251 | M4: 17.380991
A5: 2003 | B5: 47.694141 | C5: 36.431412 | D5: 57.020992 | E5: 56.34063 | F5: 20.340767 | G5: 14.021665 | H5: 25.613695 | I5: 25.145542 | J5: 11.536758 | K5: 7.4626689 | L5: 14.830616 | M5: 14.757377
A6: 2004 | B6: 47.356251 | C6: 34.22744 | D6: 57.594173 | E6: 58.292534 | F6: 19.819868 | G6: 12.871613 | H6: 24.994251 | I6: 25.896906 | J6: 11.065257 | K6: 6.7913513 | L6: 14.047096 | M6: 15.04149
A7: 2005 | B7: 44.952667 | C7: 32.2099 | D7: 54.30801 | E7: 56.387482 | F7: 18.380169 | G7: 11.618706 | H7: 23.11046 | I7: 24.730082 | J7: 10.121404 | K7: 5.9389281 | L7: 12.90586 | M7: 14.220386
A8: 2008 | B8: 42.004955 | C8: 26.928564 | D8: 52.141876 | E8: 57.095619 | F8: 18.363205 | G8: 9.6745787 | H8: 24.377932 | I8: 26.841516 | J8: 10.821671 | K8: 5.0564618 | L8: 14.745811 | M8: 16.531895
A9: 2009 | B9: 40.217781 | C9: 25.561539 | D9: 50.66526 | E9: 54.256287 | F9: 16.738041 | G9: 9.1323996 | H9: 22.140453 | I9: 24.04767 | J9: 9.5029335 | K9: 4.7965655 | L9: 12.797422 | M9: 14.088326
A10: 2010 | B10: 37.174511 | C10: 23.22587 | D10: 47.352413 | E10: 50.341492 | F10: 15.118712 | G10: 8.2836952 | H10: 19.826813 | I10: 21.933365 | J10: 8.4541292 | K10: 4.3747501 | L10: 11.104407 | M10: 12.728765
A11: 2011 | B11: 34.039177 | C11: 20.597191 | D11: 43.783295 | E11: 46.909653 | F11: 13.368128 | G11: 6.8817616 | H11: 18.073257 | I11: 19.574564 | J11: 7.2484851 | K11: 3.4479198 | L11: 9.9877338 | M11: 10.908216
A12: 2012 | B12: 32.734791 | C12: 18.941196 | D12: 42.158108 | E12: 46.794525 | F12: 12.888946 | G12: 6.369525 | H12: 17.377151 | I12: 19.488533 | J12: 7.0461273 | K12: 3.205198 | L12: 9.6195011 | M12: 11.028374
A13: 2013 | B13: 30.571781 | C13: 17.501566 | D13: 40.41188 | E13: 42.761982 | F13: 11.79701 | G13: 5.9308577 | H13: 16.219566 | I13: 17.259958 | J13: 6.4046993 | K13: 3.0454993 | L13: 8.9180202 | M13: 9.5587978
A14: 2014 | B14: 28.53315 | C14: 15.884819 | D14: 37.296734 | E14: 41.428699 | F14: 10.8354 | G14: 5.2488384 | H14: 14.628272 | I14: 16.636728 | J14: 5.8237042 | K14: 2.6739705 | L14: 7.9056406 | M14: 9.1711473
A15: 2015 | B15: 27.849176 | C15: 15.351085 | D15: 36.779545 | E15: 40.294449 | F15: 10.30078 | G15: 5.1123586 | H15: 13.869401 | I15: 15.657194 | J15: 5.4340925 | K15: 2.6394188 | L15: 7.2382007 | M15: 8.4809322
... A18: 2018 | B18: 27.014765 | C18: 16.189911 | D18: 36.087666 | E18: 36.065628 | F18: 9.8325825 | G18: 5.3376679 | H18: 13.44041 | I18: 13.815189 | J18: 5.1967907 | K18: 2.7629483 | L18: 7.0490499 | M18: 7.4955478

Sheet Tabla 2
A1: AÑO | B1: INDIGENCIA
B2: Incidencia (FGT0) | F2: Brecha (FGT1) | J2: Severidad (FGT2)
B3: Total nacional | C3: Principales ciudades | D3: Resto urbano | E3: Rural | F3: Total nacional | G3: Principales ciudades | H3: Resto urbano | I3: Rural | J3: Total nacional | K3: Principales ciudades | L3: Resto urbano | M3: Rural
A4: 2002 | B4: 17.637814 | C4: 7.4407234 | D4: 19.552263 | E4: 32.807678 | F4: 6.7014413 | G4: 2.7041831 | H4: 6.9257145 | I4: 13.246451 | J4: 3.6983347 | K4: 1.5567216 | L4: 3.6877034 | M4: 7.353703
A5: 2003 | B5: 15.56423 | C5: 7.3150067 | D5: 16.638546 | E5: 28.586454 | F5: 5.7371449 | G5: 2.5989482 | H5: 6.0322361 | I5: 10.823102 | J5: 3.112448 | K5: 1.4516253 | L5: 3.2489853 | M5: 5.8268933
A6: 2004 | B6: 14.843343 | C6: 6.5363078 | D6: 15.176298 | E6: 29.047745 | F6: 5.3722749 | G6: 2.4179981 | H6: 5.1589098 | I6: 10.817177 | J6: 2.8364866 | K6: 1.3803052 | L6: 2.6081755 | M6: 5.6662951
A7: 2005 | B7: 13.79723 | C7: 5.6362271 | D7: 14.251158 | E7: 27.811903 | F7: 4.8323107 | G7: 1.9343753 | H7: 4.6525512 | I7: 10.22084 | J7: 2.506314 | K7: 1.0641171 | L7: 2.2804217 | M7: 5.3528457
A8: 2008 | B8: 16.413343 | C8: 5.5752292 | D8: 19.194359 | E8: 32.962204 | F8: 6.7177672 | G8: 2.0906219 | H8: 7.6234174 | I8: 14.139317 | J8: 3.9523299 | K8: 1.2543527 | L8: 4.4473276 | M8: 8.3214855
A9: 2009 | B9: 14.427792 | C9: 5.2337637 | D9: 16.445438 | E9: 29.048914 | F9: 5.4795661 | G9: 1.9772407 | H9: 5.9826708 | I9: 11.389569 | J9: 3.0474379 | K9: 1.1929848 | L9: 3.226625 | M9: 6.288516
A10: 2010 | B10: 12.278517 | C10: 4.6380692 | D10: 13.249061 | E10: 25.471567 | F10: 4.6093907 | G10: 1.8083382 | H10: 4.6438189 | I10: 9.8635206 | J10: 2.5390058 | K10: 1.0946975 | L10: 2.420923 | M10: 5.4246321
A11: 2011 | B11: 10.621201 | C11: 3.4709594 | D11: 11.892561 | E11: 22.61034 | F11: 3.7947774 | G11: 1.2857649 | H11: 4.0746164 | I11: 8.2203617 | J11: 2.0224745 | K11: 0.75957298 | L11: 2.1351266 | M11: 4.2871547
A12: 2012 | B12: 10.396332 | C12: 3.3154364 | D12: 11.36407 | E12: 22.75181 | F12: 3.7822487 | G12: 1.2282641 | H12: 3.9957082 | I12: 8.4187346 | J12: 2.0719452 | K12: 0.72233832 | L12: 2.1801605 | M12: 4.5280976
A13: 2013 | B13: 9.0640411 | C13: 3.0035658 | D13: 10.338158 | E13: 19.130285 | F13: 3.3075383 | G13: 1.2313378 | H13: 3.6075971 | I13: 6.939146 | J13: 1.8294617 | K13: 0.77509612 | L13: 1.9603776 | M13: 3.7025249
A14: 2014 | B14: 8.0824814 | C14: 2.6593378 | D14: 8.5913525 | E14: 18.016718 | F14: 2.9789026 | G14: 1.0889528 | H14: 3.0546944 | I14: 6.5786514 | J14: 1.6688943 | K14: 0.70494425 | L14: 1.702387 | M14: 3.5119131
A15: 2015 | B15: 7.9416318 | C15: 2.7217386 | D15: 8.1169701 | E15: 18.006321 | F15: 2.8532488 | G15: 1.176249 | H15: 2.7184772 | I15: 6.3484025 | J15: 1.5720376 | K15: 0.78596514 | L15: 1.451849 | M15: 3.2884142
... A18: 2018 | B18: 7.2499385 | C18: 2.8528001 | D18: 7.7751117 | E18: 15.36821 | F18: 2.7252879 | G18: 1.2546458 | H18: 2.7567813 | I18: 5.6430831 | J18: 1.5609756 | K18: 0.85290676 | L18: 1.5179766 | M18: 3.0475492

Sheet Tabla 3
A1: AÑO | B1: POBREZA (FGT0) | F1: INDIGENCIA (FGT0)
B2: Total nacional | C2: Principales ciudades | D2: Resto urbano | E2: Rural | F2: Total Nacional | G2: Principales ciudades | H2: Resto urbano | I2: Rural
A3: 2002 | B3: 49.368687 | C3: 35.907803 | D3: 59.349861 | E3: 60.916786 | F3: 17.637814 | G3: 7.4407234 | H3: 19.552263 | I3: 32.807678
A4: 2003 | B4: 47.694141 | C4: 36.431412 | D4: 57.020992 | E4: 56.34063 | F4: 15.56423 | G4: 7.3150067 | H4: 16.638546 | I4: 28.586454
A5: 2004 | B5: 47.356251 | C5: 34.22744 | D5: 57.594173 | E5: 58.292534 | F5: 14.843343 | G5: 6.5363078 | H5: 15.176298 | I5: 29.047745
A6: 2005 | B6: 44.952667 | C6: 32.2099 | D6: 54.30801 | E6: 56.387482 | F6: 13.79723 | G6: 5.6362271 | H6: 14.251158 | I6: 27.811903
A7: 2008 | B7: 42.004955 | C7: 26.928564 | D7: 52.141876 | E7: 57.095619 | F7: 16.413343 | G7: 5.5752292 | H7: 19.194359 | I7: 32.962204
A8: 2009 | B8: 40.217781 | C8: 25.561539 | D8: 50.66526 | E8: 54.256287 | F8: 14.427792 | G8: 5.2337637 | H8: 16.445438 | I8: 29.048914
A9: 2010 | B9: 37.174511 | C9: 23.22587 | D9: 47.352413 | E9: 50.341492 | F9: 12.278517 | G9: 4.6380692 | H9: 13.249061 | I9: 25.471567
A10: 2011 | B10: 34.039177 | C10: 20.597191 | D10: 43.783295 | E10: 46.909653 | F10: 10.621201 | G10: 3.4709594 | H10: 11.892561 | I10: 22.61034
A11: 2012 | B11: 32.734791 | C11: 18.941196 | D11: 42.158108 | E11: 46.794525 | F11: 10.396332 | G11: 3.3154364 | H11: 11.36407 | I11: 22.75181
A12: 2013 | B12: 30.571781 | C12: 17.501566 | D12: 40.41188 | E12: 42.761982 | F12: 9.0640411 | G12: 3.0035658 | H12: 10.338158 | I12: 19.130285
A13: 2014 | B13: 28.53315 | C13: 15.884819 | D13: 37.296734 | E13: 41.428699 | F13: 8.0824814 | G13: 2.6593378 | H13: 8.5913525 | I13: 18.016718
A14: 2015 | B14: 27.849176 | C14: 15.351085 | D14: 36.779545 | E14: 40.294449 | F14: 7.9416318 | G14: 2.7217386 | H14: 8.1169701 | I14: 18.006321
... A17: 2018 | B17: 27.014765 | C17: 16.189911 | D17: 36.087666 | E17: 36.065628 | F17: 7.2499385 | G17: 2.8528001 | H17: 7.7751117 | I17: 15.36821

Sheet Tabla 4
A1: AÑO | B1: POBREZA (FGT1) | F1: INDIGENCIA (FGT1)
B2: Total nacional | C2: Principales ciudades | D2: Resto urbano | E2: Rural | F2: Total Nacional | G2: Principales ciudades | H2: Resto urbano | I2: Rural
A3: 2002 | B3: 21.707022 | C3: 13.825745 | D3: 27.427788 | E3: 28.608437 | F3: 6.7014413 | G3: 2.7041831 | H3: 6.9257145 | I3: 13.246451
A4: 2003 | B4: 20.340767 | C4: 14.021665 | D4: 25.613695 | E4: 25.145542 | F4: 5.7371449 | G4: 2.5989482 | H4: 6.0322361 | I4: 10.823102
A5: 2004 | B5: 19.819868 | C5: 12.871613 | D5: 24.994251 | E5: 25.896906 | F5: 5.3722749 | G5: 2.4179981 | H5: 5.1589098 | I5: 10.817177
A6: 2005 | B6: 18.380169 | C6: 11.618706 | D6: 23.11046 | E6: 24.730082 | F6: 4.8323107 | G6: 1.9343753 | H6: 4.6525512 | I6: 10.22084
A7: 2008 | B7: 18.363205 | C7: 9.6745787 | D7: 24.377932 | E7: 26.841516 | F7: 6.7177672 | G7: 2.0906219 | H7: 7.6234174 | I7: 14.139317
A8: 2009 | B8: 16.738041 | C8: 9.1323996 | D8: 22.140453 | E8: 24.04767 | F8: 5.4795661 | G8: 1.9772407 | H8: 5.9826708 | I8: 11.389569
A9: 2010 | B9: 15.118712 | C9: 8.2836952 | D9: 19.826813 | E9: 21.933365 | F9: 4.6093907 | G9: 1.8083382 | H9: 4.6438189 | I9: 9.8635206
A10: 2011 | B10: 13.368128 | C10: 6.8817616 | D10: 18.073257 | E10: 19.574564 | F10: 3.7947774 | G10: 1.2857649 | H10: 4.0746164 | I10: 8.2203617
A11: 2012 | B11: 12.888946 | C11: 6.369525 | D11: 17.377151 | E11: 19.488533 | F11: 3.7822487 | G11: 1.2282641 | H11: 3.9957082 | I11: 8.4187346
A12: 2013 | B12: 11.79701 | C12: 5.9308577 | D12: 16.219566 | E12: 17.259958 | F12: 3.3075383 | G12: 1.2313378 | H12: 3.6075971 | I12: 6.939146
A13: 2014 | B13: 10.8354 | C13: 5.2488384 | D13: 14.628272 | E13: 16.636728 | F13: 2.9789026 | G13: 1.0889528 | H13: 3.0546944 | I13: 6.5786514
A14: 2015 | B14: 10.30078 | C14: 5.1123586 | D14: 13.869401 | E14: 15.657194 | F14: 2.8532488 | G14: 1.176249 | H14: 2.7184772 | I14: 6.3484025
... A17: 2018 | B17: 9.8325825 | C17: 5.3376679 | D17: 13.44041 | E17: 13.815189 | F17: 2.7252879 | G17: 1.2546458 | H17: 2.7567813 | I17: 5.6430831

Sheet Tabla 5
A1: AÑO | B1: POBREZA (FGT2) | F1: INDIGENCIA (FGT2)
B2: Total nacional | C2: Principales ciudades | D2: Resto urbano | E2: Rural | F2: Total Nacional | G2: Principales ciudades | H2: Resto urbano | I2: Rural
A3: 2002 | B3: 12.646281 | C3: 7.4270291 | D3: 16.290251 | E3: 17.380991 | F3: 3.6983347 | G3: 1.5567216 | H3: 3.6877034 | I3: 7.353703
A4: 2003 | B4: 11.536758 | C4: 7.4626689 | D4: 14.830616 | E4: 14.757377 | F4: 3.112448 | G4: 1.4516253 | H4: 3.2489853 | I4: 5.8268933
A5: 2004 | B5: 11.065257 | C5: 6.7913513 | D5: 14.047096 | E5: 15.04149 | F5: 2.8364866 | G5: 1.3803052 | H5: 2.6081755 | I5: 5.6662951
A6: 2005 | B6: 10.121404 | C6: 5.9389281 | D6: 12.90586 | E6: 14.220386 | F6: 2.506314 | G6: 1.0641171 | H6: 2.2804217 | I6: 5.3528457
A7: 2008 | B7: 10.821671 | C7: 5.0564618 | D7: 14.745811 | E7: 16.531895 | F7: 3.9523299 | G7: 1.2543527 | H7: 4.4473276 | I7: 8.3214855
A8: 2009 | B8: 9.5029335 | C8: 4.7965655 | D8: 12.797422 | E8: 14.088326 | F8: 3.0474379 | G8: 1.1929848 | H8: 3.226625 | I8: 6.288516
A9: 2010 | B9: 8.4541292 | C9: 4.3747501 | D9: 11.104407 | E9: 12.728765 | F9: 2.5390058 | G9: 1.0946975 | H9: 2.420923 | I9: 5.4246321
A10: 2011 | B10: 7.2484851 | C10: 3.4479198 | D10: 9.9877338 | E10: 10.908216 | F10: 2.0224745 | G10: 0.75957298 | H10: 2.1351266 | I10: 4.2871547
A11: 2012 | B11: 7.0461273 | C11: 3.205198 | D11: 9.6195011 | E11: 11.028374 | F11: 2.0719452 | G11: 0.72233832 | H11: 2.1801605 | I11: 4.5280976
A12: 2013 | B12: 6.4046993 | C12: 3.0454993 | D12: 8.9180202 | E12: 9.5587978 | F12: 1.8294617 | G12: 0.77509612 | H12: 1.9603776 | I12: 3.7025249
A13: 2014 | B13: 5.8237042 | C13: 2.6739705 | D13: 7.9056406 | E13: 9.1711473 | F13: 1.6688943 | G13: 0.70494425 | H13: 1.702387 | I13: 3.5119131
A14: 2015 | B14: 5.4340925 | C14: 2.6394188 | D14: 7.2382007 | E14: 8.4809322 | F14: 1.5720376 | G14: 0.78596514 | H14: 1.451849 | I14: 3.2884142
... A17: 2018 | B17: 5.1967907 | C17: 2.7629483 | D17: 7.0490499 | E17: 7.4955478 | F17: 1.5609756 | G17: 0.85290676 | H17: 1.5179766 | I17: 3.0475492

Sheet Tabla 6
A1: PERÍODO | B1: POBREZA (FGT0) | F1: POBREZA (FGT1) | J1: POBREZA (FGT2)
B2: Total nacional | C2: Principales ciudades | D2: Resto urbano | E2: Rural | F2: Total nacional | G2: Principales ciudades | H2: Resto urbano | I2: Rural | J2: Total nacional | K2: Principales ciudades | L2: Resto urbano | M2: Rural
A3: 2002-2018 | B3: ='Tabla 1'!B18-'Tabla 1'!B4 -> -22.353922 | C3: ='Tabla 1'!C18-'Tabla 1'!C4 -> -19.717892 | D3: ='Tabla 1'!D18-'Tabla 1'!D4 -> -23.262196 | E3: ='Tabla 1'!E18-'Tabla 1'!E4 -> -24.851158 | F3: ='Tabla 1'!F18-'Tabla 1'!F4 -> -11.874439 | G3: ='Tabla 1'!G18-'Tabla 1'!G4 -> -8.4880767 | H3: ='Tabla 1'!H18-'Tabla 1'!H4 -> -13.987378 | I3: ='Tabla 1'!I18-'Tabla 1'!I4 -> -14.793247 | ... M3: ='Tabla 1'!M18-'Tabla 1'!M4 -> -9.8854432
A4: 2005-2015 | B4: ='Tabla 1'!B15-'Tabla 1'!B7 -> -17.103491 | C4: ='Tabla 1'!C15-'Tabla 1'!C7 -> -16.858815 | D4: ='Tabla 1'!D15-'Tabla 1'!D7 -> -17.528465 | E4: ='Tabla 1'!E15-'Tabla 1'!E7 -> -16.093033 | F4: ='Tabla 1'!F15-'Tabla 1'!F7 -> -8.0793886 | G4: ='Tabla 1'!G15-'Tabla 1'!G7 -> -6.5063472 | H4: ='Tabla 1'!H15-'Tabla 1'!H7 -> -9.2410593 | I4: ='Tabla 1'!I15-'Tabla 1'!I7 -> -9.0728874 | ... M4: ='Tabla 1'!M15-'Tabla 1'!M7 -> -5.7394533
A6: PERÍODO | B6: INDIGENCIA (FGT0) | F6: INDIGENCIA (FGT1) | J6: INDIGENCIA (FGT2)
B7: Total nacional | C7: Principales ciudades | D7: Resto urbano | E7: Rural | F7: Total nacional | G7: Principales ciudades | H7: Resto urbano | I7: Rural | J7: Total nacional | K7: Principales ciudades | L7: Resto urbano | M7: Rural
A8: 2002-2018 | B8: ='Tabla 2'!B18-'Tabla 2'!B4 -> -10.387875 | C8: ='Tabla 2'!C18-'Tabla 2'!C4 -> -4.5879233 | D8: ='Tabla 2'!D18-'Tabla 2'!D4 -> -11.777152 | E8: ='Tabla 2'!E18-'Tabla 2'!E4 -> -17.439468 | F8: ='Tabla 2'!F18-'Tabla 2'!F4 -> -3.9761534 | G8: ='Tabla 2'!G18-'Tabla 2'!G4 -> -1.4495373 | H8: ='Tabla 2'!H18-'Tabla 2'!H4 -> -4.1689332 | I8: ='Tabla 2'!I18-'Tabla 2'!I4 -> -7.6033683 | ... M8: ='Tabla 2'!M18-'Tabla 2'!M4 -> -4.3061538
A9: 2005-2015 | B9: ='Tabla 2'!B15-'Tabla 2'!B7 -> -5.855598 | C9: ='Tabla 2'!C15-'Tabla 2'!C7 -> -2.9144886 | D9: ='Tabla 2'!D15-'Tabla 2'!D7 -> -6.1341877 | E9: ='Tabla 2'!E15-'Tabla 2'!E7 -> -9.805582 | F9: ='Tabla 2'!F15-'Tabla 2'!F7 -> -1.9790618 | G9: ='Tabla 2'!G15-'Tabla 2'!G7 -> -0.75812626 | H9: ='Tabla 2'!H15-'Tabla 2'!H7 -> -1.9340739 | I9: ='Tabla 2'!I15-'Tabla 2'!I7 -> -3.872437 | ... M9: ='Tabla 2'!M15-'Tabla 2'!M7 -> -2.0644314

Sheet Tabla 7
A1: AÑO | B1: POBLACIÓN
B2: Total | F2: Porcentaje
B3: Principales ciudades | C3: Resto urbano | D3: Rural | E3: Total nacional | F3: Principales ciudades | G3: Resto urbano | H3: Rural | I3: Total nacional
A4: 2002 | B4: 17806378 | C4: 11903920 | D4: 10467051 | E4: =SUM(B4:D4) -> 40177349 | F4: =B4/$E4 -> 0.44319445 | G4: =C4/$E4 -> 0.29628436 | H4: =D4/$E4 -> 0.2605212 | I4: =SUM(F4:H4) -> 1
A5: 2003 | B5: 18081858 | C5: 12144980 | D5: 10452419 | E5: =SUM(B5:D5) -> 40679257 | F5: =B5/$E5 -> 0.44449824 | G5: =C5/$E5 -> 0.29855462 | H5: =D5/$E5 -> 0.25694715 | I5: =SUM(F5:H5) -> 1
A6: 2004 | B6: 18355894 | C6: 12381911 | D6: 10444679 | E6: =SUM(B6:D6) -> 41182484 | F6: =B6/$E6 -> 0.4457209 | G6: =C6/$E6 -> 0.30065964 | H6: =D6/$E6 -> 0.25361945 | I6: =SUM(F6:H6) -> 1
A7: 2005 | B7: 18627918 | C7: 12613672 | D7: 10438829 | E7: =SUM(B7:D7) -> 41680419 | F7: =B7/$E7 -> 0.44692252 | G7: =C7/$E7 -> 0.30262824 | H7: =D7/$E7 -> 0.25044923 | I7: =SUM(F7:H7) -> 1
A8: 2008 | B8: 19428196 | C8: 13273991 | D8: 10493045 | E8: =SUM(B8:D8) -> 43195232 | F8: =B8/$E8 -> 0.4497764 | G8: =C8/$E8 -> 0.30730223 | H8: =D8/$E8 -> 0.24292137 | I8: =SUM(F8:H8) -> 1
A9: 2009 | B9: 19694234 | C9: 13488477 | D9: 10522489 | E9: =SUM(B9:D9) -> 43705200 | F9: =B9/$E9 -> 0.45061535 | G9: =C9/$E9 -> 0.30862408 | H9: =D9/$E9 -> 0.24076057 | I9: =SUM(F9:H9) -> 1
A10: 2010 | B10: 19960462 | C10: 13705246 | D10: 10551365 | E10: =SUM(B10:D10) -> 44217073 | F10: =B10/$E10 -> 0.45141979 | G10: =C10/$E10 -> 0.30995371 | H10: =D10/$E10 -> 0.23862649 | I10: =SUM(F10:H10) -> 1
A11: 2011 | B11: 20227704 | C11: 13919482 | D11: 10587607 | E11: =SUM(B11:D11) -> 44734793 | F11: =B11/$E11 -> 0.45216939 | G11: =C11/$E11 -> 0.31115561 | H11: =D11/$E11 -> 0.236675 | I11: =SUM(F11:H11) -> 1
A12: 2012 | B12: 20491984 | C12: 14124077 | D12: 10637646 | E12: =SUM(B12:D12) -> 45253707 | F12: =B12/$E12 -> 0.45282443 | G12: =C12/$E12 -> 0.31210873 | H12: =D12/$E12 -> 0.23506684 | I12: =SUM(F12:H12) -> 1
A13: 2013 | B13: 20756004 | C13: 14336558 | D13: 10681720 | E13: =SUM(B13:D13) -> 45774282 | F13: =B13/$E13 -> 0.45344248 | G13: =C13/$E13 -> 0.31320116 | H13: =D13/$E13 -> 0.23335636 | I13: =SUM(F13:H13) -> 1
A14: 2014 | B14: 21018726 | C14: 14548332 | D14: 10728994 | E14: =SUM(B14:D14) -> 46296052 | F14: =B14/$E14 -> 0.45400688 | G14: =C14/$E14 -> 0.31424563 | H14: =D14/$E14 -> 0.23174749 | I14: =SUM(F14:H14) -> 1
A15: 2015 | B15: 21279954 | C15: 14759347 | D15: 10779390 | E15: =SUM(B15:D15) -> 46818691 | F15: =B15/$E15 -> 0.45451835 | G15: =C15/$E15 -> 0.31524476 | H15: =D15/$E15 -> 0.23023689 | I15: =SUM(F15:H15) -> 1
... A18: 2018 | B18: 22052810 | C18: 15388667 | D18: 10949071 | E18: =SUM(B18:D18) -> 48390548 | F18: =B18/$E18 -> 0.45572557 | G18: =C18/$E18 -> 0.31800977 | H18: =D18/$E18 -> 0.22626466 | I18: =SUM(F18:H18) -> 1
F19: =AVERAGE(F4:F18) -> 0.45136221 | G19: =AVERAGE(G4:G18) -> 0.30906909 | H19: =AVERAGE(H4:H18) -> 0.2395687 | I19: =SUM(F19:H19) -> 1

Sheet Tabla 8
A1: AÑO | B1: POBREZA
B2: Incidencia (FGT0) | F2: Brecha (FGT1) | J2: Severidad (FGT2)
B3: Principales ciudades | C3: Resto urbano | D3: Rural | E3: Total nacional | F3: Principales ciudades | G3: Resto urbano | H3: Rural | I3: Total nacional | J3: Principales ciudades | K3: Resto urbano | L3: Rural | M3: Total nacional
A4: 2002 | B4: ='Tabla 1'!C4/'Tabla 1'!$B4*'Tabla 7'!F4 -> 0.32235289 | C4: ='Tabla 1'!D4/'Tabla 1'!$B4*'Tabla 7'!G4 -> 0.35618601 | D4: ='Tabla 1'!E4/'Tabla 1'!$B4*'Tabla 7'!H4 -> 0.32146113 | E4: =SUM(B4:D4) -> 1 | F4: ='Tabla 1'!G4/'Tabla 1'!$F4*'Tabla 7'!F4 -> 0.28228162 | G4: ='Tabla 1'!H4/'Tabla 1'!$F4*'Tabla 7'!G4 -> 0.37436847 | H4: ='Tabla 1'!I4/'Tabla 1'!$F4*'Tabla 7'!H4 -> 0.34334992 | I4: =SUM(F4:H4) -> 1 | J4: ='Tabla 1'!K4/'Tabla 1'!$J4*'Tabla 7'!F4 -> 0.26028348 | K4: ='Tabla 1'!L4/'Tabla 1'!$J4*'Tabla 7'!G4 -> 0.38165737 | L4: ='Tabla 1'!M4/'Tabla 1'!$J4*'Tabla 7'!H4 -> 0.35805914 | M4: =SUM(J4:L4) -> 0.99999999
A5: 2003 | B5: ='Tabla 1'!C5/'Tabla 1'!$B5*'Tabla 7'!F5 -> 0.33953223 | C5: ='Tabla 1'!D5/'Tabla 1'!$B5*'Tabla 7'!G5 -> 0.35693861 | D5: ='Tabla 1'!E5/'Tabla 1'!$B5*'Tabla 7'!H5 -> 0.30352919 | E5: =SUM(B5:D5) -> 1 | F5: ='Tabla 1'!G5/'Tabla 1'!$F5*'Tabla 7'!F5 -> 0.30640955 | G5: ='Tabla 1'!H5/'Tabla 1'!$F5*'Tabla 7'!G5 -> 0.3759488 | H5: ='Tabla 1'!I5/'Tabla 1'!$F5*'Tabla 7'!H5 -> 0.31764168 | I5: =SUM(F5:H5) -> 1 | J5: ='Tabla 1'!K5/'Tabla 1'!$J5*'Tabla 7'!F5 -> 0.28752818 | K5: ='Tabla 1'!L5/'Tabla 1'!$J5*'Tabla 7'!G5 -> 0.38379489 | L5: ='Tabla 1'!M5/'Tabla 1'!$J5*'Tabla 7'!H5 -> 0.32867689 | M5: =SUM(J5:L5) -> 0.99999995
A6: 2004 | B6: ='Tabla 1'!C6/'Tabla 1'!$B6*'Tabla 7'!F6 -> 0.32215146 | C6: ='Tabla 1'!D6/'Tabla 1'!$B6*'Tabla 7'!G6 -> 0.36565909 | D6: ='Tabla 1'!E6/'Tabla 1'!$B6*'Tabla 7'!H6 -> 0.31218942 | E6: =SUM(B6:D6) -> 0.99999998 | F6: ='Tabla 1'!G6/'Tabla 1'!$F6*'Tabla 7'!F6 -> 0.28946443 | G6: ='Tabla 1'!H6/'Tabla 1'!$F6*'Tabla 7'!G6 -> 0.37915301 | H6: ='Tabla 1'!I6/'Tabla 1'!$F6*'Tabla 7'!H6 -> 0.33138258 | I6: =SUM(F6:H6) -> 1 | J6: ='Tabla 1'!K6/'Tabla 1'!$J6*'Tabla 7'!F6 -> 0.27356321 | K6: ='Tabla 1'!L6/'Tabla 1'!$J6*'Tabla 7'!G6 -> 0.38168069 | L6: ='Tabla 1'!M6/'Tabla 1'!$J6*'Tabla 7'!H6 -> 0.34475605 | M6: =SUM(J6:L6) -> 0.99999995
A7: 2005 | B7: ='Tabla 1'!C7/'Tabla 1'!$B7*'Tabla 7'!F7 -> 0.32023305 | C7: ='Tabla 1'!D7/'Tabla 1'!$B7*'Tabla 7'!G7 -> 0.36560985 | D7: ='Tabla 1'!E7/'Tabla 1'!$B7*'Tabla 7'!H7 -> 0.31415714 | E7: =SUM(B7:D7) -> 1 | F7: ='Tabla 1'!G7/'Tabla 1'!$F7*'Tabla 7'!F7 -> 0.28251434 | G7: ='Tabla 1'!H7/'Tabla 1'!$F7*'Tabla 7'!G7 -> 0.38051217 | H7: ='Tabla 1'!I7/'Tabla 1'!$F7*'Tabla 7'!H7 -> 0.33697351 | I7: =SUM(F7:H7) -> 1 | J7: ='Tabla 1'!K7/'Tabla 1'!$J7*'Tabla 7'!F7 -> 0.26224038 | K7: ='Tabla 1'!L7/'Tabla 1'!$J7*'Tabla 7'!G7 -> 0.38588301 | L7: ='Tabla 1'!M7/'Tabla 1'!$J7*'Tabla 7'!H7 -> 0.35187656 | M7: =SUM(J7:L7) -> 0.99999994
A8: 2008 | B8: ='Tabla 1'!C8/'Tabla 1'!$B8*'Tabla 7'!F8 -> 0.28834295 | C8: ='Tabla 1'!D8/'Tabla 1'!$B8*'Tabla 7'!G8 -> 0.38146249 | D8: ='Tabla 1'!E8/'Tabla 1'!$B8*'Tabla 7'!H8 -> 0.33019309 | E8: =SUM(B8:D8) -> 0.99999853 | F8: ='Tabla 1'!G8/'Tabla 1'!$F8*'Tabla 7'!F8 -> 0.23696284 | G8: ='Tabla 1'!H8/'Tabla 1'!$F8*'Tabla 7'!G8 -> 0.40795671 | H8: ='Tabla 1'!I8/'Tabla 1'!$F8*'Tabla 7'!H8 -> 0.35507843 | I8: =SUM(F8:H8) -> 0.99999798 | J8: ='Tabla 1'!K8/'Tabla 1'!$J8*'Tabla 7'!F8 -> 0.21015951 | K8: ='Tabla 1'!L8/'Tabla 1'!$J8*'Tabla 7'!G8 -> 0.41873572 | L8: ='Tabla 1'!M8/'Tabla 1'!$J8*'Tabla 7'!H8 -> 0.37110261 | M8: =SUM(J8:L8) -> 0.99999784
A9: 2009 | B9: ='Tabla 1'!C9/'Tabla 1'!$B9*'Tabla 7'!F9 -> 0.28640122 | C9: ='Tabla 1'!D9/'Tabla 1'!$B9*'Tabla 7'!G9 -> 0.38879617 | D9: ='Tabla 1'!E9/'Tabla 1'!$B9*'Tabla 7'!H9 -> 0.32480098 | E9: =SUM(B9:D9) -> 0.99999837 | F9: ='Tabla 1'!G9/'Tabla 1'!$F9*'Tabla 7'!F9 -> 0.24585908 | G9: ='Tabla 1'!H9/'Tabla 1'!$F9*'Tabla 7'!G9 -> 0.40823636 | H9: ='Tabla 1'!I9/'Tabla 1'!$F9*'Tabla 7'!H9 -> 0.34590254 | I9: =SUM(F9:H9) -> 0.99999799 | J9: ='Tabla 1'!K9/'Tabla 1'!$J9*'Tabla 7'!F9 -> 0.22744619 | K9: ='Tabla 1'!L9/'Tabla 1'!$J9*'Tabla 7'!G9 -> 0.41561826 | L9: ='Tabla 1'!M9/'Tabla 1'!$J9*'Tabla 7'!H9 -> 0.35693329 | M9: =SUM(J9:L9) -> 0.99999774
A10: 2010 | B10: ='Tabla 1'!C10/'Tabla 1'!$B10*'Tabla 7'!F10 -> 0.28203781 | C10: ='Tabla 1'!D10/'Tabla 1'!$B10*'Tabla 7'!G10 -> 0.39481505 | D10: ='Tabla 1'!E10/'Tabla 1'!$B10*'Tabla 7'!H10 -> 0.32314651 | E10: =SUM(B10:D10) -> 0.99999937 | F10: ='Tabla 1'!G10/'Tabla 1'!$F10*'Tabla 7'!F10 -> 0.24733746 | G10: ='Tabla 1'!H10/'Tabla 1'!$F10*'Tabla 7'!G10 -> 0.40647603 | H10: ='Tabla 1'!I10/'Tabla 1'!$F10*'Tabla 7'!H10 -> 0.34618569 | I10: =SUM(F10:H10) -> 0.99999919 | J10: ='Tabla 1'!K10/'Tabla 1'!$J10*'Tabla 7'!F10 -> 0.23359577 | K10: ='Tabla 1'!L10/'Tabla 1'!$J10*'Tabla 7'!G10 -> 0.40712085 | L10: ='Tabla 1'!M10/'Tabla 1'!$J10*'Tabla 7'!H10 -> 0.35928247 | M10: =SUM(J10:L10) -> 0.99999909
A11: 2011 | B11: ='Tabla 1'!C11/'Tabla 1'!$B11*'Tabla 7'!F11 -> 0.27360882 | C11: ='Tabla 1'!D11/'Tabla 1'!$B11*'Tabla 7'!G11 -> 0.4002276 | D11: ='Tabla 1'!E11/'Tabla 1'!$B11*'Tabla 7'!H11 -> 0.32616364 | E11: =SUM(B11:D11) -> 1.0000001 | F11: ='Tabla 1'!G11/'Tabla 1'!$F11*'Tabla 7'!F11 -> 0.23277171 | G11: ='Tabla 1'!H11/'Tabla 1'!$F11*'Tabla 7'!G11 -> 0.42067188 | H11: ='Tabla 1'!I11/'Tabla 1'!$F11*'Tabla 7'!H11 -> 0.34655637 | I11: =SUM(F11:H11) -> 0.99999996 | J11: ='Tabla 1'!K11/'Tabla 1'!$J11*'Tabla 7'!F11 -> 0.21508547 | K11: ='Tabla 1'!L11/'Tabla 1'!$J11*'Tabla 7'!G11 -> 0.42874331 | L11: ='Tabla 1'!M11/'Tabla 1'!$J11*'Tabla 7'!H11 -> 0.35617123 | M11: =SUM(J11:L11) -> 1
A12: 2012 | B12: ='Tabla 1'!C12/'Tabla 1'!$B12*'Tabla 7'!F12 -> 0.26201592 | C12: ='Tabla 1'!D12/'Tabla 1'!$B12*'Tabla 7'!G12 -> 0.40195502 | D12: ='Tabla 1'!E12/'Tabla 1'!$B12*'Tabla 7'!H12 -> 0.33602907 | E12: =SUM(B12:D12) -> 1 | F12: ='Tabla 1'!G12/'Tabla 1'!$F12*'Tabla 7'!F12 -> 0.22377909 | G12: ='Tabla 1'!H12/'Tabla 1'!$F12*'Tabla 7'!G12 -> 0.42079165 | H12: ='Tabla 1'!I12/'Tabla 1'!$F12*'Tabla 7'!H12 -> 0.35542922 | I12: =SUM(F12:H12) -> 0.99999996 | J12: ='Tabla 1'!K12/'Tabla 1'!$J12*'Tabla 7'!F12 -> 0.20598435 | K12: ='Tabla 1'!L12/'Tabla 1'!$J12*'Tabla 7'!G12 -> 0.42609651 | L12: ='Tabla 1'!M12/'Tabla 1'!$J12*'Tabla 7'!H12 -> 0.36791912 | M12: =SUM(J12:L12) -> 0.99999999
A13: 2013 | B13: ='Tabla 1'!C13/'Tabla 1'!$B13*'Tabla 7'!F13 -> 0.25958427 | C13: ='Tabla 1'!D13/'Tabla 1'!$B13*'Tabla 7'!G13 -> 0.4140108 | D13: ='Tabla 1'!E13/'Tabla 1'!$B13*'Tabla 7'!H13 -> 0.32640495 | E13: =SUM(B13:D13) -> 1 | F13: ='Tabla 1'!G13/'Tabla 1'!$F13*'Tabla 7'!F13 -> 0.22796477 | G13: ='Tabla 1'!H13/'Tabla 1'!$F13*'Tabla 7'!G13 -> 0.43061646 | H13: ='Tabla 1'!I13/'Tabla 1'!$F13*'Tabla 7'!H13 -> 0.3414188 | I13: =SUM(F13:H13) -> 1 | J13: ='Tabla 1'!K13/'Tabla 1'!$J13*'Tabla 7'!F13 -> 0.21561649 | K13: ='Tabla 1'!L13/'Tabla 1'!$J13*'Tabla 7'!G13 -> 0.43610701 | L13: ='Tabla 1'!M13/'Tabla 1'!$J13*'Tabla 7'!H13 -> 0.34827651 | M13: =SUM(J13:L13) -> 1
A14: 2014 | B14: ='Tabla 1'!C14/'Tabla 1'!$B14*'Tabla 7'!F14 -> 0.25275223 | C14: ='Tabla 1'!D14/'Tabla 1'!$B14*'Tabla 7'!G14 -> 0.41076207 | D14: ='Tabla 1'!E14/'Tabla 1'!$B14*'Tabla 7'!H14 -> 0.33648571 | E14: =SUM(B14:D14) -> 1 | F14: ='Tabla 1'!G14/'Tabla 1'!$F14*'Tabla 7'!F14 -> 0.21992809 | G14: ='Tabla 1'!H14/'Tabla 1'!$F14*'Tabla 7'!G14 -> 0.42424559 | H14: ='Tabla 1'!I14/'Tabla 1'!$F14*'Tabla 7'!H14 -> 0.35582629 | I14: =SUM(F14:H14) -> 0.99999998 | J14: ='Tabla 1'!K14/'Tabla 1'!$J14*'Tabla 7'!F14 -> 0.20845856 | K14: ='Tabla 1'!L14/'Tabla 1'!$J14*'Tabla 7'!G14 -> 0.4265864 | L14: ='Tabla 1'!M14/'Tabla 1'!$J14*'Tabla 7'!H14 -> 0.36495507 | M14: =SUM(J14:L14) -> 1
A15: 2015 | B15: ='Tabla 1'!C15/'Tabla 1'!$B15*'Tabla 7'!F15 -> 0.25054061 | C15: ='Tabla 1'!D15/'Tabla 1'!$B15*'Tabla 7'!G15 -> 0.41633399 | D15: ='Tabla 1'!E15/'Tabla 1'!$B15*'Tabla 7'!H15 -> 0.33312543 | E15: =SUM(B15:D15) -> 1 | F15: ='Tabla 1'!G15/'Tabla 1'!$F15*'Tabla 7'!F15 -> 0.22558104 | G15: ='Tabla 1'!H15/'Tabla 1'!$F15*'Tabla 7'!G15 -> 0.42445872 | H15: ='Tabla 1'!I15/'Tabla 1'!$F15*'Tabla 7'!H15 -> 0.34996026 | I15: =SUM(F15:H15) -> 1 | J15: ='Tabla 1'!K15/'Tabla 1'!$J15*'Tabla 7'!F15 -> 0.22076626 | K15: ='Tabla 1'!L15/'Tabla 1'!$J15*'Tabla 7'!G15 -> 0.41990541 | L15: ='Tabla 1'!M15/'Tabla 1'!$J15*'Tabla 7'!H15 -> 0.35932835 | M15: =SUM(J15:L15) -> 1
... A18: 2018 | B18: ='Tabla 1'!C18/'Tabla 1'!$B18*'Tabla 7'!F18 -> 0.2731157 | C18: ='Tabla 1'!D18/'Tabla 1'!$B18*'Tabla 7'!G18 -> 0.42481326 | D18: ='Tabla 1'!E18/'Tabla 1'!$B18*'Tabla 7'!H18 -> 0.30207101 | E18: =SUM(B18:D18) -> 0.99999996 | F18: ='Tabla 1'!G18/'Tabla 1'!$F18*'Tabla 7'!F18 -> 0.24739297 | G18: ='Tabla 1'!H18/'Tabla 1'!$F18*'Tabla 7'!G18 -> 0.43469573 | H18: ='Tabla 1'!I18/'Tabla 1'!$F18*'Tabla 7'!H18 -> 0.31791131 | I18: =SUM(F18:H18) -> 1 | J18: ='Tabla 1'!K18/'Tabla 1'!$J18*'Tabla 7'!F18 -> 0.24229303 | K18: ='Tabla 1'!L18/'Tabla 1'!$J18*'Tabla 7'!G18 -> 0.43135597 | L18: ='Tabla 1'!M18/'Tabla 1'!$J18*'Tabla 7'!H18 -> 0.32635095 | M18: =SUM(J18:L18) -> 0.99999996
B19: =AVERAGE(B4:B18) -> 0.28421151 | C19: =AVERAGE(C4:C18) -> 0.39521261 | D19: =AVERAGE(D4:D18) -> 0.32057564 | E19: =SUM(B19:D19) -> 0.99999976 | F19: =AVERAGE(F4:F18) -> 0.24937972 | G19: =AVERAGE(G4:G18) -> 0.41135146 | H19: =AVERAGE(H4:H18) -> 0.3392685 | I19: =SUM(F19:H19) -> 0.99999968 | J19: =AVERAGE(J4:J18) -> 0.23474515 | K19: =AVERAGE(K4:K18) -> 0.41543453 | L19: =AVERAGE(L4:L18) -> 0.34981996 | M19: =SUM(J19:L19) -> 0.99999964

Sheet Tabla 9
A1: AÑO | B1: INDIGENCIA
B2: Incidencia (FGT0) | F2: Brecha (FGT1) | J2: Severidad (FGT2)
B3: Principales ciudades | C3: Resto urbano | D3: Rural | E3: Total nacional | F3: Principales ciudades | G3: Resto urbano | H3: Rural | I3: Total nacional | J3: Principales ciudades | K3: Resto urbano | L3: Rural | M3: Total nacional
A4: 2002 | B4: ='Tabla 2'!C4/'Tabla 2'!$B4*'Tabla 7'!F4 -> 0.1869669 | C4: ='Tabla 2'!D4/'Tabla 2'!$B4*'Tabla 7'!G4 -> 0.32844376 | D4: ='Tabla 2'!E4/'Tabla 2'!$B4*'Tabla 7'!H4 -> 0.48458929 | E4: =SUM(B4:D4) -> 0.99999995 | F4: ='Tabla 2'!G4/'Tabla 2'!$F4*'Tabla 7'!F4 -> 0.17883898 | G4: ='Tabla 2'!H4/'Tabla 2'!$F4*'Tabla 7'!G4 -> 0.30619993 | H4: ='Tabla 2'!I4/'Tabla 2'!$F4*'Tabla 7'!H4 -> 0.51496107 | I4: =SUM(F4:H4) -> 0.99999998 | J4: ='Tabla 2'!K4/'Tabla 2'!$J4*'Tabla 7'!F4 -> 0.18655163 | K4: ='Tabla 2'!L4/'Tabla 2'!$J4*'Tabla 7'!G4 -> 0.29543265 | L4: ='Tabla 2'!M4/'Tabla 2'!$J4*'Tabla 7'!H4 -> 0.51801572 | M4: =SUM(J4:L4) -> 1
A5: 2003 | B5: ='Tabla 2'!C5/'Tabla 2'!$B5*'Tabla 7'!F5 -> 0.20890899 | C5: ='Tabla 2'!D5/'Tabla 2'!$B5*'Tabla 7'!G5 -> 0.31916225 | D5: ='Tabla 2'!E5/'Tabla 2'!$B5*'Tabla 7'!H5 -> 0.47192877 | E5: =SUM(B5:D5) -> 1 | F5: ='Tabla 2'!G5/'Tabla 2'!$F5*'Tabla 7'!F5 -> 0.20135937 | G5: ='Tabla 2'!H5/'Tabla 2'!$F5*'Tabla 7'!G5 -> 0.31391083 | H5: ='Tabla 2'!I5/'Tabla 2'!$F5*'Tabla 7'!H5 -> 0.48472981 | I5: =SUM(F5:H5) -> 1 | J5: ='Tabla 2'!K5/'Tabla 2'!$J5*'Tabla 7'!F5 -> 0.20731107 | K5: ='Tabla 2'!L5/'Tabla 2'!$J5*'Tabla 7'!G5 -> 0.31165165 | L5: ='Tabla 2'!M5/'Tabla 2'!$J5*'Tabla 7'!H5 -> 0.48103731 | M5: =SUM(J5:L5) -> 1
A6: 2004 | B6: ='Tabla 2'!C6/'Tabla 2'!$B6*'Tabla 7'!F6 -> 0.19627446 | C6: ='Tabla 2'!D6/'Tabla 2'!$B6*'Tabla 7'!G6 -> 0.30740383 | D6: ='Tabla 2'!E6/'Tabla 2'!$B6*'Tabla 7'!H6 -> 0.4963217 | E6: =SUM(B6:D6) -> 0.99999998 | F6: ='Tabla 2'!G6/'Tabla 2'!$F6*'Tabla 7'!F6 -> 0.20061376 | G6: ='Tabla 2'!H6/'Tabla 2'!$F6*'Tabla 7'!G6 -> 0.28871866 | H6: ='Tabla 2'!I6/'Tabla 2'!$F6*'Tabla 7'!H6 -> 0.51066755 | I6: =SUM(F6:H6) -> 0.99999997 | J6: ='Tabla 2'!K6/'Tabla 2'!$J6*'Tabla 7'!F6 -> 0.21689892 | K6: ='Tabla 2'!L6/'Tabla 2'!$J6*'Tabla 7'!G6 -> 0.27645931 | L6: ='Tabla 2'!M6/'Tabla 2'!$J6*'Tabla 7'!H6 -> 0.50664179 | M6: =SUM(J6:L6) -> 1
A7: 2005 | B7: ='Tabla 2'!C7/'Tabla 2'!$B7*'Tabla 7'!F7 -> 0.18256975 | C7: ='Tabla 2'!D7/'Tabla 2'!$B7*'Tabla 7'!G7 -> 0.31258469 | D7: ='Tabla 2'!E7/'Tabla 2'!$B7*'Tabla 7'!H7 -> 0.50484553 | E7: =SUM(B7:D7) -> 0.99999998 | F7: ='Tabla 2'!G7/'Tabla 2'!$F7*'Tabla 7'!F7 -> 0.17890321 | G7: ='Tabla 2'!H7/'Tabla 2'!$F7*'Tabla 7'!G7 -> 0.29137063 | H7: ='Tabla 2'!I7/'Tabla 2'!$F7*'Tabla 7'!H7 -> 0.52972617 | I7: =SUM(F7:H7) -> 1 | J7: ='Tabla 2'!K7/'Tabla 2'!$J7*'Tabla 7'!F7 -> 0.18975191 | K7: ='Tabla 2'!L7/'Tabla 2'!$J7*'Tabla 7'!G7 -> 0.27535257 | L7: ='Tabla 2'!M7/'Tabla 2'!$J7*'Tabla 7'!H7 -> 0.5348955 | M7: =SUM(J7:L7) -> 0.99999999
A8: 2008 | B8: ='Tabla 2'!C8/'Tabla 2'!$B8*'Tabla 7'!F8 -> 0.15277853 | C8: ='Tabla 2'!D8/'Tabla 2'!$B8*'Tabla 7'!G8 -> 0.35937036 | D8: ='Tabla 2'!E8/'Tabla 2'!$B8*'Tabla 7'!H8 -> 0.48784843 | E8: =SUM(B8:D8) -> 0.99999733 | F8: ='Tabla 2'!G8/'Tabla 2'!$F8*'Tabla 7'!F8 -> 0.13997395 | G8: ='Tabla 2'!H8/'Tabla 2'!$F8*'Tabla 7'!G8 -> 0.34873092 | H8: ='Tabla 2'!I8/'Tabla 2'!$F8*'Tabla 7'!H8 -> 0.51129223 | I8: =SUM(F8:H8) -> 0.9999971 | J8: ='Tabla 2'!K8/'Tabla 2'!$J8*'Tabla 7'!F8 -> 0.14274574 | K8: ='Tabla 2'!L8/'Tabla 2'!$J8*'Tabla 7'!G8 -> 0.34578938 | L8: ='Tabla 2'!M8/'Tabla 2'!$J8*'Tabla 7'!H8 -> 0.51146203 | M8: =SUM(J8:L8) -> 0.99999715
A9: 2009 | B9: ='Tabla 2'!C9/'Tabla 2'!$B9*'Tabla 7'!F9 -> 0.16346329 | C9: ='Tabla 2'!D9/'Tabla 2'!$B9*'Tabla 7'!G9 -> 0.35178345 | D9: ='Tabla 2'!E9/'Tabla 2'!$B9*'Tabla 7'!H9 -> 0.48474731 | E9: =SUM(B9:D9) -> 0.99999404 | F9: ='Tabla 2'!G9/'Tabla 2'!$F9*'Tabla 7'!F9 -> 0.16259955 | G9: ='Tabla 2'!H9/'Tabla 2'!$F9*'Tabla 7'!G9 -> 0.3369603 | H9: ='Tabla 2'!I9/'Tabla 2'!$F9*'Tabla 7'!H9 -> 0.50043364 | I9: =SUM(F9:H9) -> 0.9999935 | J9: ='Tabla 2'!K9/'Tabla 2'!$J9*'Tabla 7'!F9 -> 0.17640303 | K9: ='Tabla 2'!L9/'Tabla 2'!$J9*'Tabla 7'!G9 -> 0.32677094 | L9: ='Tabla 2'!M9/'Tabla 2'!$J9*'Tabla 7'!H9 -> 0.49681955 | M9: =SUM(J9:L9) -> 0.99999352
A10: 2010 | B10: ='Tabla 2'!C10/'Tabla 2'!$B10*'Tabla 7'!F10 -> 0.17051866 | C10: ='Tabla 2'!D10/'Tabla 2'!$B10*'Tabla 7'!G10 -> 0.33445372 | D10: ='Tabla 2'!E10/'Tabla 2'!$B10*'Tabla 7'!H10 -> 0.49502646 | E10: =SUM(B10:D10) -> 0.99999884 | F10: ='Tabla 2'!G10/'Tabla 2'!$F10*'Tabla 7'!F10 -> 0.17709925 | G10: ='Tabla 2'!H10/'Tabla 2'!$F10*'Tabla 7'!G10 -> 0.3122688 | H10: ='Tabla 2'!I10/'Tabla 2'!$F10*'Tabla 7'!H10 -> 0.5106309 | I10: =SUM(F10:H10) -> 0.99999894 | J10: ='Tabla 2'!K10/'Tabla 2'!$J10*'Tabla 7'!F10 -> 0.19463056 | K10: ='Tabla 2'!L10/'Tabla 2'!$J10*'Tabla 7'!G10 -> 0.29553855 | L10: ='Tabla 2'!M10/'Tabla 2'!$J10*'Tabla 7'!H10 -> 0.50982985 | M10: =SUM(J10:L10) -> 0.99999895
A11: 2011 | B11: ='Tabla 2'!C11/'Tabla 2'!$B11*'Tabla 7'!F11 -> 0.14776687 | C11: ='Tabla 2'!D11/'Tabla 2'!$B11*'Tabla 7'!G11 -> 0.34840102 | D11: ='Tabla 2'!E11/'Tabla 2'!$B11*'Tabla 7'!H11 -> 0.50383214 | E11: =SUM(B11:D11) -> 1 | F11: ='Tabla 2'!G11/'Tabla 2'!$F11*'Tabla 7'!F11 -> 0.15320623 | G11: ='Tabla 2'!H11/'Tabla 2'!$F11*'Tabla 7'!G11 -> 0.33410123 | H11: ='Tabla 2'!I11/'Tabla 2'!$F11*'Tabla 7'!H11 -> 0.51269255 | I11: =SUM(F11:H11) -> 1 | J11: ='Tabla 2'!K11/'Tabla 2'!$J11*'Tabla 7'!F11 -> 0.16981952 | K11: ='Tabla 2'!L11/'Tabla 2'!$J11*'Tabla 7'!G11 -> 0.32848702 | L11: ='Tabla 2'!M11/'Tabla 2'!$J11*'Tabla 7'!H11 -> 0.5016935 | M11: =SUM(J11:L11) -> 1
A12: 2012 | B12: ='Tabla 2'!C12/'Tabla 2'!$B12*'Tabla 7'!F12 -> 0.14440772 | C12: ='Tabla 2'!D12/'Tabla 2'!$B12*'Tabla 7'!G12 -> 0.34116124 | D12: ='Tabla 2'!E12/'Tabla 2'!$B12*'Tabla 7'!H12 -> 0.51443108 | E12: =SUM(B12:D12) -> 1 | F12: ='Tabla 2'!G12/'Tabla 2'!$F12*'Tabla 7'!F12 -> 0.1470522 | G12: ='Tabla 2'!H12/'Tabla 2'!$F12*'Tabla 7'!G12 -> 0.32972327 | H12: ='Tabla 2'!I12/'Tabla 2'!$F12*'Tabla 7'!H12 -> 0.52322454 | I12: =SUM(F12:H12) -> 1 | J12: ='Tabla 2'!K12/'Tabla 2'!$J12*'Tabla 7'!F12 -> 0.15786732 | K12: ='Tabla 2'!L12/'Tabla 2'!$J12*'Tabla 7'!G12 -> 0.32840981 | L12: ='Tabla 2'!M12/'Tabla 2'!$J12*'Tabla 7'!H12 -> 0.51372286 | M12: =SUM(J12:L12) -> 0.99999999
A13: 2013 | B13: ='Tabla 2'!C13/'Tabla 2'!$B13*'Tabla 7'!F13 -> 0.15025796 | C13: ='Tabla 2'!D13/'Tabla 2'!$B13*'Tabla 7'!G13 -> 0.3572273 | D13: ='Tabla 2'!E13/'Tabla 2'!$B13*'Tabla 7'!H13 -> 0.49251473 | E13: =SUM(B13:D13) -> 0.99999999 | F13: ='Tabla 2'!G13/'Tabla 2'!$F13*'Tabla 7'!F13 -> 0.16880859 | G13: ='Tabla 2'!H13/'Tabla 2'!$F13*'Tabla 7'!G13 -> 0.34161467 | H13: ='Tabla 2'!I13/'Tabla 2'!$F13*'Tabla 7'!H13 -> 0.48957677 | I13: =SUM(F13:H13) -> 1 | J13: ='Tabla 2'!K13/'Tabla 2'!$J13*'Tabla 7'!F13 -> 0.19211198 | K13: ='Tabla 2'!L13/'Tabla 2'!$J13*'Tabla 7'!G13 -> 0.33561376 | L13: ='Tabla 2'!M13/'Tabla 2'!$J13*'Tabla 7'!H13 -> 0.4722743 | M13: =SUM(J13:L13) -> 1
A14: 2014 | B14: ='Tabla 2'!C14/'Tabla 2'!$B14*'Tabla 7'!F14 -> 0.14937957 | C14: ='Tabla 2'!D14/'Tabla 2'!$B14*'Tabla 7'!G14 -> 0.33403046 | D14: ='Tabla 2'!E14/'Tabla 2'!$B14*'Tabla 7'!H14 -> 0.51659002 | E14: =SUM(B14:D14) -> 1.0000001 | F14: ='Tabla 2'!G14/'Tabla 2'!$F14*'Tabla 7'!F14 -> 0.16596449 | G14: ='Tabla 2'!H14/'Tabla 2'!$F14*'Tabla 7'!G14 -> 0.32224094 | H14: ='Tabla 2'!I14/'Tabla 2'!$F14*'Tabla 7'!H14 -> 0.51179451 | I14: =SUM(F14:H14) -> 0.99999994 | J14: ='Tabla 2'!K14/'Tabla 2'!$J14*'Tabla 7'!F14 -> 0.1917734 | K14: ='Tabla 2'!L14/'Tabla 2'!$J14*'Tabla 7'!G14 -> 0.32055216 | L14: ='Tabla 2'!M14/'Tabla 2'!$J14*'Tabla 7'!H14 -> 0.48767442 | M14: =SUM(J14:L14) -> 0.99999998
A15: 2015 | B15: ='Tabla 2'!C15/'Tabla 2'!$B15*'Tabla 7'!F15 -> 0.15577153 | C15: ='Tabla 2'!D15/'Tabla 2'!$B15*'Tabla 7'!G15 -> 0.32220485 | D15: ='Tabla 2'!E15/'Tabla 2'!$B15*'Tabla 7'!H15 -> 0.52202362 | E15: =SUM(B15:D15) -> 1 | F15: ='Tabla 2'!G15/'Tabla 2'!$F15*'Tabla 7'!F15 -> 0.18737474 | G15: ='Tabla 2'!H15/'Tabla 2'!$F15*'Tabla 7'!G15 -> 0.30035435 | H15: ='Tabla 2'!I15/'Tabla 2'!$F15*'Tabla 7'!H15 -> 0.51227094 | I15: =SUM(F15:H15) -> 1 | J15: ='Tabla 2'!K15/'Tabla 2'!$J15*'Tabla 7'!F15 -> 0.22724366 | K15: ='Tabla 2'!L15/'Tabla 2'!$J15*'Tabla 7'!G15 -> 0.29114303 | L15: ='Tabla 2'!M15/'Tabla 2'!$J15*'Tabla 7'!H15 -> 0.48161335 | M15: =SUM(J15:L15) -> 1
... A18: 2018 | B18: ='Tabla 2'!C18/'Tabla 2'!$B18*'Tabla 7'!F18 -> 0.17932483 | C18: ='Tabla 2'!D18/'Tabla 2'!$B18*'Tabla 7'!G18 -> 0.34104585 | D18: ='Tabla 2'!E18/'Tabla 2'!$B18*'Tabla 7'!H18 -> 0.47962928 | E18: =SUM(B18:D18) -> 0.99999997 | F18: ='Tabla 2'!G18/'Tabla 2'!$F18*'Tabla 7'!F18 -> 0.20980322 | G18: ='Tabla 2'!H18/'Tabla 2'!$F18*'Tabla 7'!G18 -> 0.32168469 | H18: ='Tabla 2'!I18/'Tabla 2'!$F18*'Tabla 7'!H18 -> 0.46851207 | I18: =SUM(F18:H18) -> 0.99999998 | J18: ='Tabla 2'!K18/'Tabla 2'!$J18*'Tabla 7'!F18 -> 0.24900545 | K18: ='Tabla 2'!L18/'Tabla 2'!$J18*'Tabla 7'!G18 -> 0.30924982 | L18: ='Tabla 2'!M18/'Tabla 2'!$J18*'Tabla 7'!H18 -> 0.44174472 | M18: =SUM(J18:L18) -> 0.99999998
B19: =AVERAGE(B4:B18) -> 0.16789418 | C19: =AVERAGE(C4:C18) -> 0.33758698 | D19: =AVERAGE(D4:D18) -> 0.49451819 | E19: =SUM(B19:D19) -> 0.99999934 | F19: =AVERAGE(F4:F18) -> 0.17713162 | G19: =AVERAGE(G4:G18) -> 0.32225372 | H19: =AVERAGE(H4:H18) -> 0.50061396 | I19: =SUM(F19:H19) -> 0.9999993 | J19: =AVERAGE(J4:J18) -> 0.19711498 | K19: =AVERAGE(K4:K18) -> 0.31516292 | L19: =AVERAGE(L4:L18) -> 0.48772141 | M19: =SUM(J19:L19) -> 0.99999931
