Workbook

Sheet Ejercicio 1.e (1)
A1: t | B1: e_t+1 | C1: A_t | D1: ln A_t | E1: ln A_t+1 | F1: L_t | G1: K_t | H1: K_t+1 | I1: Y_t | J1: C_t | K1: I_t | M1: Alpha | N1: 0.36
A2: 0 | B2: 0.0034041705 | C2: 1 | D2: =LN(C2) -> 0 | E2: =$N$6*D2+B2 -> 0.0034041705 | F2: =((1-$N$2*(1-$N$4))*(1-$N$1))/(((1-$N$2*(1-$N$4))*(1-$N$1))*$N$3+(1-$N$2*(1-$N$4))*(1-$N$1)) -> 0.37037037 | G2: =((($F2^(1-$N$1)*(($N$2*$N$1*$N$4)/(1-$N$2*(1-$N$1))))^$N$4)*$N$5)^(1/($N$4*(1-$N$1))) -> 0.35469778 | H2: =G3 -> 0.35469923 | I2: =$C2*$G2^$N$1*$F2^(1-$N$1) -> 0.36465002 | J2: =$C2*$G2^$N$1*$F2^(1-$N$1)*((1-$N$2*(1-$N$4*(1-$N$1)))/(1-$N$2*(1-$N$4))) -> 0.35071066 | K2: =$C2*$G2^$N$1*$F2^(1-$N$1)*(($N$2*$N$1*$N$4)/(1-$N$2*(1-$N$1))) -> 0.00042563734 | M2: Beta | N2: 0.99
A3: 1 | B3: -0.012713076 | C3: =EXP(D3) -> 1.00341 | D3: =E2 -> 0.0034041705 | E3: =$N$6*D3+B3 -> -0.0094791142 | F3: =((1-$N$2*(1-$N$4))*(1-$N$1))/(((1-$N$2*(1-$N$4))*(1-$N$1))*$N$3+(1-$N$2*(1-$N$4))*(1-$N$1)) -> 0.37037037 | G3: =(($C3*$G2^$N$1*$F3^(1-$N$1)*(($N$2*$N$1*$N$4)/(1-$N$2*(1-$N$1))))^$N$4)*($N$5*$G2^(1-$N$4)) -> 0.35469923 | H3: =G4 -> 0.35469519 | I3: =$C3*$G3^$N$1*$F3^(1-$N$1) -> 0.365894 | J3: =$C3*$G3^$N$1*$F3^(1-$N$1)*((1-$N$2*(1-$N$4*(1-$N$1)))/(1-$N$2*(1-$N$4))) -> 0.35190709 | K3: =$C3*$G3^$N$1*$F3^(1-$N$1)*(($N$2*$N$1*$N$4)/(1-$N$2*(1-$N$1))) -> 0.00042708938 | M3: Gamma | N3: 1.7
A4: 2 | B4: 0.0050954441 | C4: =EXP(D4) -> 0.99056567 | D4: =E3 -> -0.0094791142 | E4: =$N$6*D4+B4 -> -0.0039097144 | F4: =((1-$N$2*(1-$N$4))*(1-$N$1))/(((1-$N$2*(1-$N$4))*(1-$N$1))*$N$3+(1-$N$2*(1-$N$4))*(1-$N$1)) -> 0.37037037 | G4: =(($C4*$G3^$N$1*$F4^(1-$N$1)*(($N$2*$N$1*$N$4)/(1-$N$2*(1-$N$1))))^$N$4)*($N$5*$G3^(1-$N$4)) -> 0.35469519 | H4: =G5 -> 0.35469353 | I4: =$C4*$G4^$N$1*$F4^(1-$N$1) -> 0.36120884 | J4: =$C4*$G4^$N$1*$F4^(1-$N$1)*((1-$N$2*(1-$N$4*(1-$N$1)))/(1-$N$2*(1-$N$4))) -> 0.34740103 | K4: =$C4*$G4^$N$1*$F4^(1-$N$1)*(($N$2*$N$1*$N$4)/(1-$N$2*(1-$N$1))) -> 0.00042162063 | M4: Delta | N4: 0.0012
A5: 3 | B5: -0.0084057547 | C5: =EXP(D5) -> 0.99609792 | D5: =E4 -> -0.0039097144 | E5: =$N$6*D5+B5 -> -0.012119983 | F5: =((1-$N$2*(1-$N$4))*(1-$N$1))/(((1-$N$2*(1-$N$4))*(1-$N$1))*$N$3+(1-$N$2*(1-$N$4))*(1-$N$1)) -> 0.37037037 | G5: =(($C5*$G4^$N$1*$F5^(1-$N$1)*(($N$2*$N$1*$N$4)/(1-$N$2*(1-$N$1))))^$N$4)*($N$5*$G4^(1-$N$4)) -> 0.35469353 | H5: =G6 -> 0.35468838 | I5: =$C5*$G5^$N$1*$F5^(1-$N$1) -> 0.36322556 | J5: =$C5*$G5^$N$1*$F5^(1-$N$1)*((1-$N$2*(1-$N$4*(1-$N$1)))/(1-$N$2*(1-$N$4))) -> 0.34934065 | K5: =$C5*$G5^$N$1*$F5^(1-$N$1)*(($N$2*$N$1*$N$4)/(1-$N$2*(1-$N$1))) -> 0.00042397464 | M5: Lambda | N5: =N4^(-N4) -> 1.0081032
A6: 4 | B6: -0.00029265266 | C6: =EXP(D6) -> 0.98795317 | D6: =E5 -> -0.012119983 | E6: =$N$6*D6+B6 -> -0.011806637 | F6: =((1-$N$2*(1-$N$4))*(1-$N$1))/(((1-$N$2*(1-$N$4))*(1-$N$1))*$N$3+(1-$N$2*(1-$N$4))*(1-$N$1)) -> 0.37037037 | G6: =(($C6*$G5^$N$1*$F6^(1-$N$1)*(($N$2*$N$1*$N$4)/(1-$N$2*(1-$N$1))))^$N$4)*($N$5*$G5^(1-$N$4)) -> 0.35468838 | H6: =G7 -> 0.35468336 | I6: =$C6*$G6^$N$1*$F6^(1-$N$1) -> 0.3602537 | J6: =$C6*$G6^$N$1*$F6^(1-$N$1)*((1-$N$2*(1-$N$4*(1-$N$1)))/(1-$N$2*(1-$N$4))) -> 0.3464824 | K6: =$C6*$G6^$N$1*$F6^(1-$N$1)*(($N$2*$N$1*$N$4)/(1-$N$2*(1-$N$1))) -> 0.00042050574 | M6: Rho | N6: 0.95
A7: 5 | B7: 0.0063578227 | C7: =EXP(D7) -> 0.98826279 | D7: =E6 -> -0.011806637 | E7: =$N$6*D7+B7 -> -0.0048584823 | F7: =((1-$N$2*(1-$N$4))*(1-$N$1))/(((1-$N$2*(1-$N$4))*(1-$N$1))*$N$3+(1-$N$2*(1-$N$4))*(1-$N$1)) -> 0.37037037 | G7: =(($C7*$G6^$N$1*$F7^(1-$N$1)*(($N$2*$N$1*$N$4)/(1-$N$2*(1-$N$1))))^$N$4)*($N$5*$G6^(1-$N$4)) -> 0.35468336 | H7: =G8 -> 0.3546813 | I7: =$C7*$G7^$N$1*$F7^(1-$N$1) -> 0.36036477 | J7: =$C7*$G7^$N$1*$F7^(1-$N$1)*((1-$N$2*(1-$N$4*(1-$N$1)))/(1-$N$2*(1-$N$4))) -> 0.34658922 | K7: =$C7*$G7^$N$1*$F7^(1-$N$1)*(($N$2*$N$1*$N$4)/(1-$N$2*(1-$N$1))) -> 0.00042063538
A8: 6 | B8: 0.0017472757 | C8: =EXP(D8) -> 0.9951533 | D8: =E7 -> -0.0048584823 | E8: =$N$6*D8+B8 -> -0.0028682824 | F8: =((1-$N$2*(1-$N$4))*(1-$N$1))/(((1-$N$2*(1-$N$4))*(1-$N$1))*$N$3+(1-$N$2*(1-$N$4))*(1-$N$1)) -> 0.37037037 | G8: =(($C8*$G7^$N$1*$F8^(1-$N$1)*(($N$2*$N$1*$N$4)/(1-$N$2*(1-$N$1))))^$N$4)*($N$5*$G7^(1-$N$4)) -> 0.3546813 | H8: =G9 -> 0.35468009 | I8: =$C8*$G8^$N$1*$F8^(1-$N$1) -> 0.3628766 | J8: =$C8*$G8^$N$1*$F8^(1-$N$1)*((1-$N$2*(1-$N$4*(1-$N$1)))/(1-$N$2*(1-$N$4))) -> 0.34900504 | K8: =$C8*$G8^$N$1*$F8^(1-$N$1)*(($N$2*$N$1*$N$4)/(1-$N$2*(1-$N$1))) -> 0.00042356732
A9: 7 | B9: -0.014232364 | C9: =EXP(D9) -> 0.99713583 | D9: =E8 -> -0.0028682824 | E9: =$N$6*D9+B9 -> -0.016957233 | F9: =((1-$N$2*(1-$N$4))*(1-$N$1))/(((1-$N$2*(1-$N$4))*(1-$N$1))*$N$3+(1-$N$2*(1-$N$4))*(1-$N$1)) -> 0.37037037 | G9: =(($C9*$G8^$N$1*$F9^(1-$N$1)*(($N$2*$N$1*$N$4)/(1-$N$2*(1-$N$1))))^$N$4)*($N$5*$G8^(1-$N$4)) -> 0.35468009 | H9: =G10 -> 0.35467289 | I9: =$C9*$G9^$N$1*$F9^(1-$N$1) -> 0.36359907 | J9: =$C9*$G9^$N$1*$F9^(1-$N$1)*((1-$N$2*(1-$N$4*(1-$N$1)))/(1-$N$2*(1-$N$4))) -> 0.34969989 | K9: =$C9*$G9^$N$1*$F9^(1-$N$1)*(($N$2*$N$1*$N$4)/(1-$N$2*(1-$N$1))) -> 0.00042441062
A10: 8 | B10: 0.0090818503 | C10: =EXP(D10) -> 0.98318573 | D10: =E9 -> -0.016957233 | E10: =$N$6*D10+B10 -> -0.0070275206 | F10: =((1-$N$2*(1-$N$4))*(1-$N$1))/(((1-$N$2*(1-$N$4))*(1-$N$1))*$N$3+(1-$N$2*(1-$N$4))*(1-$N$1)) -> 0.37037037 | G10: =(($C10*$G9^$N$1*$F10^(1-$N$1)*(($N$2*$N$1*$N$4)/(1-$N$2*(1-$N$1))))^$N$4)*($N$5*$G9^(1-$N$4)) -> 0.35467289 | H10: =G11 -> 0.35466992 | I10: =$C10*$G10^$N$1*$F10^(1-$N$1) -> 0.35850964 | J10: =$C10*$G10^$N$1*$F10^(1-$N$1)*((1-$N$2*(1-$N$4*(1-$N$1)))/(1-$N$2*(1-$N$4))) -> 0.34480501 | K10: =$C10*$G10^$N$1*$F10^(1-$N$1)*(($N$2*$N$1*$N$4)/(1-$N$2*(1-$N$1))) -> 0.00041846998
A11: 9 | B11: -0.0005782681 | C11: =EXP(D11) -> 0.99299711 | D11: =E10 -> -0.0070275206 | E11: =$N$6*D11+B11 -> -0.0072544127 | F11: =((1-$N$2*(1-$N$4))*(1-$N$1))/(((1-$N$2*(1-$N$4))*(1-$N$1))*$N$3+(1-$N$2*(1-$N$4))*(1-$N$1)) -> 0.37037037 | G11: =(($C11*$G10^$N$1*$F11^(1-$N$1)*(($N$2*$N$1*$N$4)/(1-$N$2*(1-$N$1))))^$N$4)*($N$5*$G10^(1-$N$4)) -> 0.35466992 | H11: =G12 -> 0.35466685 | I11: =$C11*$G11^$N$1*$F11^(1-$N$1) -> 0.36208618 | J11: =$C11*$G11^$N$1*$F11^(1-$N$1)*((1-$N$2*(1-$N$4*(1-$N$1)))/(1-$N$2*(1-$N$4))) -> 0.34824483 | K11: =$C11*$G11^$N$1*$F11^(1-$N$1)*(($N$2*$N$1*$N$4)/(1-$N$2*(1-$N$1))) -> 0.00042264469
A12: 10 | B12: -0.0043646992 | C12: =EXP(D12) -> 0.99277184 | D12: =E11 -> -0.0072544127 | E12: =$N$6*D12+B12 -> -0.011256391 | F12: =((1-$N$2*(1-$N$4))*(1-$N$1))/(((1-$N$2*(1-$N$4))*(1-$N$1))*$N$3+(1-$N$2*(1-$N$4))*(1-$N$1)) -> 0.37037037 | G12: =(($C12*$G11^$N$1*$F12^(1-$N$1)*(($N$2*$N$1*$N$4)/(1-$N$2*(1-$N$1))))^$N$4)*($N$5*$G11^(1-$N$4)) -> 0.35466685 | H12: =G13 -> 0.35466208 | I12: =$C12*$G12^$N$1*$F12^(1-$N$1) -> 0.3620029 | J12: =$C12*$G12^$N$1*$F12^(1-$N$1)*((1-$N$2*(1-$N$4*(1-$N$1)))/(1-$N$2*(1-$N$4))) -> 0.34816474 | K12: =$C12*$G12^$N$1*$F12^(1-$N$1)*(($N$2*$N$1*$N$4)/(1-$N$2*(1-$N$1))) -> 0.0004225475
A13: 11 | B13: -0.0037639211 | C13: =EXP(D13) -> 0.98880672 | D13: =E12 -> -0.011256391 | E13: =$N$6*D13+B13 -> -0.014457493 | F13: =((1-$N$2*(1-$N$4))*(1-$N$1))/(((1-$N$2*(1-$N$4))*(1-$N$1))*$N$3+(1-$N$2*(1-$N$4))*(1-$N$1)) -> 0.37037037 | G13: =(($C13*$G12^$N$1*$F13^(1-$N$1)*(($N$2*$N$1*$N$4)/(1-$N$2*(1-$N$1))))^$N$4)*($N$5*$G12^(1-$N$4)) -> 0.35466208 | H13: =G14 -> 0.35465596 | I13: =$C13*$G13^$N$1*$F13^(1-$N$1) -> 0.36055533 | J13: =$C13*$G13^$N$1*$F13^(1-$N$1)*((1-$N$2*(1-$N$4*(1-$N$1)))/(1-$N$2*(1-$N$4))) -> 0.3467725 | K13: =$C13*$G13^$N$1*$F13^(1-$N$1)*(($N$2*$N$1*$N$4)/(1-$N$2*(1-$N$1))) -> 0.00042085781
A14: 12 | B14: 0.0083861551 | C14: =EXP(D14) -> 0.98564651 | D14: =E13 -> -0.014457493 | E14: =$N$6*D14+B14 -> -0.0053484631 | F14: =((1-$N$2*(1-$N$4))*(1-$N$1))/(((1-$N$2*(1-$N$4))*(1-$N$1))*$N$3+(1-$N$2*(1-$N$4))*(1-$N$1)) -> 0.37037037 | G14: =(($C14*$G13^$N$1*$F14^(1-$N$1)*(($N$2*$N$1*$N$4)/(1-$N$2*(1-$N$1))))^$N$4)*($N$5*$G13^(1-$N$4)) -> 0.35465596 | H14: =G15 -> 0.35465372 | I14: =$C14*$G14^$N$1*$F14^(1-$N$1) -> 0.35940076 | J14: =$C14*$G14^$N$1*$F14^(1-$N$1)*((1-$N$2*(1-$N$4*(1-$N$1)))/(1-$N$2*(1-$N$4))) -> 0.34566207 | K14: =$C14*$G14^$N$1*$F14^(1-$N$1)*(($N$2*$N$1*$N$4)/(1-$N$2*(1-$N$1))) -> 0.00041951015
A15: 13 | B15: 0.003173227 | C15: =EXP(D15) -> 0.99466581 | D15: =E14 -> -0.0053484631 | E15: =$N$6*D15+B15 -> -0.0019078129 | F15: =((1-$N$2*(1-$N$4))*(1-$N$1))/(((1-$N$2*(1-$N$4))*(1-$N$1))*$N$3+(1-$N$2*(1-$N$4))*(1-$N$1)) -> 0.37037037 | G15: =(($C15*$G14^$N$1*$F15^(1-$N$1)*(($N$2*$N$1*$N$4)/(1-$N$2*(1-$N$1))))^$N$4)*($N$5*$G14^(1-$N$4)) -> 0.35465372 | H15: =G16 -> 0.35465294 | I15: =$C15*$G15^$N$1*$F15^(1-$N$1) -> 0.36268869 | J15: =$C15*$G15^$N$1*$F15^(1-$N$1)*((1-$N$2*(1-$N$4*(1-$N$1)))/(1-$N$2*(1-$N$4))) -> 0.3488243 | K15: =$C15*$G15^$N$1*$F15^(1-$N$1)*(($N$2*$N$1*$N$4)/(1-$N$2*(1-$N$1))) -> 0.00042334797
A16: 14 | B16: -0.015254773 | C16: =EXP(D16) -> 0.99809401 | D16: =E15 -> -0.0019078129 | E16: =$N$6*D16+B16 -> -0.017067195 | F16: =((1-$N$2*(1-$N$4))*(1-$N$1))/(((1-$N$2*(1-$N$4))*(1-$N$1))*$N$3+(1-$N$2*(1-$N$4))*(1-$N$1)) -> 0.37037037 | G16: =(($C16*$G15^$N$1*$F16^(1-$N$1)*(($N$2*$N$1*$N$4)/(1-$N$2*(1-$N$1))))^$N$4)*($N$5*$G15^(1-$N$4)) -> 0.35465294 | H16: =G17 -> 0.35464571 | I16: =$C16*$G16^$N$1*$F16^(1-$N$1) -> 0.36393843 | J16: =$C16*$G16^$N$1*$F16^(1-$N$1)*((1-$N$2*(1-$N$4*(1-$N$1)))/(1-$N$2*(1-$N$4))) -> 0.35002628 | K16: =$C16*$G16^$N$1*$F16^(1-$N$1)*(($N$2*$N$1*$N$4)/(1-$N$2*(1-$N$1))) -> 0.00042480674
A17: 15 | B17: -0.0055511691 | C17: =EXP(D17) -> 0.98307762 | D17: =E16 -> -0.017067195 | E17: =$N$6*D17+B17 -> -0.021765004 | F17: =((1-$N$2*(1-$N$4))*(1-$N$1))/(((1-$N$2*(1-$N$4))*(1-$N$1))*$N$3+(1-$N$2*(1-$N$4))*(1-$N$1)) -> 0.37037037 | G17: =(($C17*$G16^$N$1*$F17^(1-$N$1)*(($N$2*$N$1*$N$4)/(1-$N$2*(1-$N$1))))^$N$4)*($N$5*$G16^(1-$N$4)) -> 0.35464571 | H17: =G18 -> 0.35463649 | I17: =$C17*$G17^$N$1*$F17^(1-$N$1) -> 0.35846033 | J17: =$C17*$G17^$N$1*$F17^(1-$N$1)*((1-$N$2*(1-$N$4*(1-$N$1)))/(1-$N$2*(1-$N$4))) -> 0.34475758 | K17: =$C17*$G17^$N$1*$F17^(1-$N$1)*(($N$2*$N$1*$N$4)/(1-$N$2*(1-$N$1))) -> 0.00041841243
A18: 16 | B18: 0.0029775265 | C18: =EXP(D18) -> 0.97847014 | D18: =E17 -> -0.021765004 | E18: =$N$6*D18+B18 -> -0.017699228 | F18: =((1-$N$2*(1-$N$4))*(1-$N$1))/(((1-$N$2*(1-$N$4))*(1-$N$1))*$N$3+(1-$N$2*(1-$N$4))*(1-$N$1)) -> 0.37037037 | G18: =(($C18*$G17^$N$1*$F18^(1-$N$1)*(($N$2*$N$1*$N$4)/(1-$N$2*(1-$N$1))))^$N$4)*($N$5*$G17^(1-$N$4)) -> 0.35463649 | H18: =G19 -> 0.354629 | I18: =$C18*$G18^$N$1*$F18^(1-$N$1) -> 0.35677696 | J18: =$C18*$G18^$N$1*$F18^(1-$N$1)*((1-$N$2*(1-$N$4*(1-$N$1)))/(1-$N$2*(1-$N$4))) -> 0.34313856 | K18: =$C18*$G18^$N$1*$F18^(1-$N$1)*(($N$2*$N$1*$N$4)/(1-$N$2*(1-$N$1))) -> 0.00041644752
... A201: 199 | B201: 0.00375735 | C201: =EXP(D201) -> 1.0850556 | D201: =E200 -> 0.081631223 | E201: =$N$6*D201+B201 -> 0.081307011 | F201: =((1-$N$2*(1-$N$4))*(1-$N$1))/(((1-$N$2*(1-$N$4))*(1-$N$1))*$N$3+(1-$N$2*(1-$N$4))*(1-$N$1)) -> 0.37037037 | G201: =(($C201*$G200^$N$1*$F201^(1-$N$1)*(($N$2*$N$1*$N$4)/(1-$N$2*(1-$N$1))))^$N$4)*($N$5*$G200^(1-$N$4)) -> 0.35643956 | H201: =G202 -> 0.356473 | I201: =$C201*$G201^$N$1*$F201^(1-$N$1) -> 0.39636391 | J201: =$C201*$G201^$N$1*$F201^(1-$N$1)*((1-$N$2*(1-$N$4*(1-$N$1)))/(1-$N$2*(1-$N$4))) -> 0.38121224 | K201: =$C201*$G201^$N$1*$F201^(1-$N$1)*(($N$2*$N$1*$N$4)/(1-$N$2*(1-$N$1))) -> 0.00046265534
A202: 200 | B202: 0.0051390543 | C202: =EXP(D202) -> 1.0847039 | D202: =E201 -> 0.081307011 | E202: =$N$6*D202+B202 -> 0.082380715 | F202: =((1-$N$2*(1-$N$4))*(1-$N$1))/(((1-$N$2*(1-$N$4))*(1-$N$1))*$N$3+(1-$N$2*(1-$N$4))*(1-$N$1)) -> 0.37037037 | G202: =(($C202*$G201^$N$1*$F202^(1-$N$1)*(($N$2*$N$1*$N$4)/(1-$N$2*(1-$N$1))))^$N$4)*($N$5*$G201^(1-$N$4)) -> 0.356473 | I202: =$C202*$G202^$N$1*$F202^(1-$N$1) -> 0.39624881 | J202: =$C202*$G202^$N$1*$F202^(1-$N$1)*((1-$N$2*(1-$N$4*(1-$N$1)))/(1-$N$2*(1-$N$4))) -> 0.38110153 | K202: =$C202*$G202^$N$1*$F202^(1-$N$1)*(($N$2*$N$1*$N$4)/(1-$N$2*(1-$N$1))) -> 0.00046252099

Sheet Ejercicio 1.e (2)
A1: t | B1: L_t | C1: L_EEN | D1: K_t | E1: K_EEN | F1: Y_EEN | G1: Y_t | H1: C_t | I1: C_EEN | J1: I_t | K1: I_EEN
A2: 0 | B2: ='Ejercicio 1.e (1)'!F2 -> 0.37037037 | C2: =$B$2 -> 0.37037037 | D2: ='Ejercicio 1.e (1)'!G2 -> 0.35469778 | E2: =$D$2 -> 0.35469778 | F2: =$G$2 -> 0.36465002 | G2: ='Ejercicio 1.e (1)'!I2 -> 0.36465002 | H2: ='Ejercicio 1.e (1)'!J2 -> 0.35071066 | I2: =$H$2 -> 0.35071066 | J2: ='Ejercicio 1.e (1)'!K2 -> 0.00042563734 | K2: =$J$2 -> 0.00042563734
A3: 1 | B3: ='Ejercicio 1.e (1)'!F3 -> 0.37037037 | C3: =$B$2 -> 0.37037037 | D3: ='Ejercicio 1.e (1)'!G3 -> 0.35469923 | E3: =$D$2 -> 0.35469778 | F3: =$G$2 -> 0.36465002 | G3: ='Ejercicio 1.e (1)'!I3 -> 0.365894 | H3: ='Ejercicio 1.e (1)'!J3 -> 0.35190709 | I3: =$H$2 -> 0.35071066 | J3: ='Ejercicio 1.e (1)'!K3 -> 0.00042708938 | K3: =$J$2 -> 0.00042563734
A4: 2 | B4: ='Ejercicio 1.e (1)'!F4 -> 0.37037037 | C4: =$B$2 -> 0.37037037 | D4: ='Ejercicio 1.e (1)'!G4 -> 0.35469519 | E4: =$D$2 -> 0.35469778 | F4: =$G$2 -> 0.36465002 | G4: ='Ejercicio 1.e (1)'!I4 -> 0.36120884 | H4: ='Ejercicio 1.e (1)'!J4 -> 0.34740103 | I4: =$H$2 -> 0.35071066 | J4: ='Ejercicio 1.e (1)'!K4 -> 0.00042162063 | K4: =$J$2 -> 0.00042563734
A5: 3 | B5: ='Ejercicio 1.e (1)'!F5 -> 0.37037037 | C5: =$B$2 -> 0.37037037 | D5: ='Ejercicio 1.e (1)'!G5 -> 0.35469353 | E5: =$D$2 -> 0.35469778 | F5: =$G$2 -> 0.36465002 | G5: ='Ejercicio 1.e (1)'!I5 -> 0.36322556 | H5: ='Ejercicio 1.e (1)'!J5 -> 0.34934065 | I5: =$H$2 -> 0.35071066 | J5: ='Ejercicio 1.e (1)'!K5 -> 0.00042397464 | K5: =$J$2 -> 0.00042563734
A6: 4 | B6: ='Ejercicio 1.e (1)'!F6 -> 0.37037037 | C6: =$B$2 -> 0.37037037 | D6: ='Ejercicio 1.e (1)'!G6 -> 0.35468838 | E6: =$D$2 -> 0.35469778 | F6: =$G$2 -> 0.36465002 | G6: ='Ejercicio 1.e (1)'!I6 -> 0.3602537 | H6: ='Ejercicio 1.e (1)'!J6 -> 0.3464824 | I6: =$H$2 -> 0.35071066 | J6: ='Ejercicio 1.e (1)'!K6 -> 0.00042050574 | K6: =$J$2 -> 0.00042563734
A7: 5 | B7: ='Ejercicio 1.e (1)'!F7 -> 0.37037037 | C7: =$B$2 -> 0.37037037 | D7: ='Ejercicio 1.e (1)'!G7 -> 0.35468336 | E7: =$D$2 -> 0.35469778 | F7: =$G$2 -> 0.36465002 | G7: ='Ejercicio 1.e (1)'!I7 -> 0.36036477 | H7: ='Ejercicio 1.e (1)'!J7 -> 0.34658922 | I7: =$H$2 -> 0.35071066 | J7: ='Ejercicio 1.e (1)'!K7 -> 0.00042063538 | K7: =$J$2 -> 0.00042563734
A8: 6 | B8: ='Ejercicio 1.e (1)'!F8 -> 0.37037037 | C8: =$B$2 -> 0.37037037 | D8: ='Ejercicio 1.e (1)'!G8 -> 0.3546813 | E8: =$D$2 -> 0.35469778 | F8: =$G$2 -> 0.36465002 | G8: ='Ejercicio 1.e (1)'!I8 -> 0.3628766 | H8: ='Ejercicio 1.e (1)'!J8 -> 0.34900504 | I8: =$H$2 -> 0.35071066 | J8: ='Ejercicio 1.e (1)'!K8 -> 0.00042356732 | K8: =$J$2 -> 0.00042563734
A9: 7 | B9: ='Ejercicio 1.e (1)'!F9 -> 0.37037037 | C9: =$B$2 -> 0.37037037 | D9: ='Ejercicio 1.e (1)'!G9 -> 0.35468009 | E9: =$D$2 -> 0.35469778 | F9: =$G$2 -> 0.36465002 | G9: ='Ejercicio 1.e (1)'!I9 -> 0.36359907 | H9: ='Ejercicio 1.e (1)'!J9 -> 0.34969989 | I9: =$H$2 -> 0.35071066 | J9: ='Ejercicio 1.e (1)'!K9 -> 0.00042441062 | K9: =$J$2 -> 0.00042563734
A10: 8 | B10: ='Ejercicio 1.e (1)'!F10 -> 0.37037037 | C10: =$B$2 -> 0.37037037 | D10: ='Ejercicio 1.e (1)'!G10 -> 0.35467289 | E10: =$D$2 -> 0.35469778 | F10: =$G$2 -> 0.36465002 | G10: ='Ejercicio 1.e (1)'!I10 -> 0.35850964 | H10: ='Ejercicio 1.e (1)'!J10 -> 0.34480501 | I10: =$H$2 -> 0.35071066 | J10: ='Ejercicio 1.e (1)'!K10 -> 0.00041846998 | K10: =$J$2 -> 0.00042563734
A11: 9 | B11: ='Ejercicio 1.e (1)'!F11 -> 0.37037037 | C11: =$B$2 -> 0.37037037 | D11: ='Ejercicio 1.e (1)'!G11 -> 0.35466992 | E11: =$D$2 -> 0.35469778 | F11: =$G$2 -> 0.36465002 | G11: ='Ejercicio 1.e (1)'!I11 -> 0.36208618 | H11: ='Ejercicio 1.e (1)'!J11 -> 0.34824483 | I11: =$H$2 -> 0.35071066 | J11: ='Ejercicio 1.e (1)'!K11 -> 0.00042264469 | K11: =$J$2 -> 0.00042563734
A12: 10 | B12: ='Ejercicio 1.e (1)'!F12 -> 0.37037037 | C12: =$B$2 -> 0.37037037 | D12: ='Ejercicio 1.e (1)'!G12 -> 0.35466685 | E12: =$D$2 -> 0.35469778 | F12: =$G$2 -> 0.36465002 | G12: ='Ejercicio 1.e (1)'!I12 -> 0.3620029 | H12: ='Ejercicio 1.e (1)'!J12 -> 0.34816474 | I12: =$H$2 -> 0.35071066 | J12: ='Ejercicio 1.e (1)'!K12 -> 0.0004225475 | K12: =$J$2 -> 0.00042563734
A13: 11 | B13: ='Ejercicio 1.e (1)'!F13 -> 0.37037037 | C13: =$B$2 -> 0.37037037 | D13: ='Ejercicio 1.e (1)'!G13 -> 0.35466208 | E13: =$D$2 -> 0.35469778 | F13: =$G$2 -> 0.36465002 | G13: ='Ejercicio 1.e (1)'!I13 -> 0.36055533 | H13: ='Ejercicio 1.e (1)'!J13 -> 0.3467725 | I13: =$H$2 -> 0.35071066 | J13: ='Ejercicio 1.e (1)'!K13 -> 0.00042085781 | K13: =$J$2 -> 0.00042563734
... A202: 200 | B202: ='Ejercicio 1.e (1)'!F202 -> 0.37037037 | C202: =$B$2 -> 0.37037037 | D202: ='Ejercicio 1.e (1)'!G202 -> 0.356473 | E202: =$D$2 -> 0.35469778 | F202: =$G$2 -> 0.36465002 | G202: ='Ejercicio 1.e (1)'!I202 -> 0.39624881 | H202: ='Ejercicio 1.e (1)'!J202 -> 0.38110153 | I202: =$H$2 -> 0.35071066 | J202: ='Ejercicio 1.e (1)'!K202 -> 0.00046252099 | K202: =$J$2 -> 0.00042563734

Sheet Ejercicio 1.e (3)
A1: t | B1: e_t+1 | C1: A_t | D1: ln A_t | E1: ln A_t+1 | F1: L_t | G1: K_t | H1: K_t+1 | I1: Y_t | J1: C_t | K1: I_t | M1: Alpha | N1: 0.36
A2: 0 | B2: =2*0.01 -> 0.02 | C2: 1 | D2: =LN(C2) -> 0 | E2: =$N$6*D2+B2 -> 0.02 | F2: =((1-$N$2*(1-$N$4))*(1-$N$1))/(((1-$N$2*(1-$N$4))*(1-$N$1))*$N$3+(1-$N$2*(1-$N$4))*(1-$N$1)) -> 0.37037037 | G2: =((($F2^(1-$N$1)*(($N$2*$N$1*$N$4)/(1-$N$2*(1-$N$1))))^$N$4)*$N$5)^(1/($N$4*(1-$N$1))) -> 0.35469778 | H2: =G3 -> 0.35470629 | I2: =$C2*$G2^$N$1*$F2^(1-$N$1) -> 0.36465002 | J2: =$C2*$G2^$N$1*$F2^(1-$N$1)*((1-$N$2*(1-$N$4*(1-$N$1)))/(1-$N$2*(1-$N$4))) -> 0.35071066 | K2: =$C2*$G2^$N$1*$F2^(1-$N$1)*(($N$2*$N$1*$N$4)/(1-$N$2*(1-$N$1))) -> 0.00042563734 | M2: Beta | N2: 0.99
A3: 1 | B3: 0 | C3: =EXP(D3) -> 1.0202013 | D3: =E2 -> 0.02 | E3: =$N$6*D3+B3 -> 0.019 | F3: =((1-$N$2*(1-$N$4))*(1-$N$1))/(((1-$N$2*(1-$N$4))*(1-$N$1))*$N$3+(1-$N$2*(1-$N$4))*(1-$N$1)) -> 0.37037037 | G3: =(($C3*$G2^$N$1*$F3^(1-$N$1)*(($N$2*$N$1*$N$4)/(1-$N$2*(1-$N$1))))^$N$4)*($N$5*$G2^(1-$N$4)) -> 0.35470629 | H3: =G4 -> 0.35471437 | I3: =$C3*$G3^$N$1*$F3^(1-$N$1) -> 0.37201965 | J3: =$C3*$G3^$N$1*$F3^(1-$N$1)*((1-$N$2*(1-$N$4*(1-$N$1)))/(1-$N$2*(1-$N$4))) -> 0.35779858 | K3: =$C3*$G3^$N$1*$F3^(1-$N$1)*(($N$2*$N$1*$N$4)/(1-$N$2*(1-$N$1))) -> 0.00043423953 | M3: Gamma | N3: 1.7
A4: 2 | B4: 0 | C4: =EXP(D4) -> 1.0191816 | D4: =E3 -> 0.019 | E4: =$N$6*D4+B4 -> 0.01805 | F4: =((1-$N$2*(1-$N$4))*(1-$N$1))/(((1-$N$2*(1-$N$4))*(1-$N$1))*$N$3+(1-$N$2*(1-$N$4))*(1-$N$1)) -> 0.37037037 | G4: =(($C4*$G3^$N$1*$F4^(1-$N$1)*(($N$2*$N$1*$N$4)/(1-$N$2*(1-$N$1))))^$N$4)*($N$5*$G3^(1-$N$4)) -> 0.35471437 | H4: =G5 -> 0.35472204 | I4: =$C4*$G4^$N$1*$F4^(1-$N$1) -> 0.37165087 | J4: =$C4*$G4^$N$1*$F4^(1-$N$1)*((1-$N$2*(1-$N$4*(1-$N$1)))/(1-$N$2*(1-$N$4))) -> 0.35744389 | K4: =$C4*$G4^$N$1*$F4^(1-$N$1)*(($N$2*$N$1*$N$4)/(1-$N$2*(1-$N$1))) -> 0.00043380907 | M4: Delta | N4: 0.0012
A5: 3 | B5: 0 | C5: =EXP(D5) -> 1.0182139 | D5: =E4 -> 0.01805 | E5: =$N$6*D5+B5 -> 0.0171475 | F5: =((1-$N$2*(1-$N$4))*(1-$N$1))/(((1-$N$2*(1-$N$4))*(1-$N$1))*$N$3+(1-$N$2*(1-$N$4))*(1-$N$1)) -> 0.37037037 | G5: =(($C5*$G4^$N$1*$F5^(1-$N$1)*(($N$2*$N$1*$N$4)/(1-$N$2*(1-$N$1))))^$N$4)*($N$5*$G4^(1-$N$4)) -> 0.35472204 | H5: =G6 -> 0.35472933 | I5: =$C5*$G5^$N$1*$F5^(1-$N$1) -> 0.37130086 | J5: =$C5*$G5^$N$1*$F5^(1-$N$1)*((1-$N$2*(1-$N$4*(1-$N$1)))/(1-$N$2*(1-$N$4))) -> 0.35710726 | K5: =$C5*$G5^$N$1*$F5^(1-$N$1)*(($N$2*$N$1*$N$4)/(1-$N$2*(1-$N$1))) -> 0.00043340052 | M5: Lambda | N5: =N4^(-N4) -> 1.0081032
A6: 4 | B6: 0 | C6: =EXP(D6) -> 1.0172954 | D6: =E5 -> 0.0171475 | E6: =$N$6*D6+B6 -> 0.016290125 | F6: =((1-$N$2*(1-$N$4))*(1-$N$1))/(((1-$N$2*(1-$N$4))*(1-$N$1))*$N$3+(1-$N$2*(1-$N$4))*(1-$N$1)) -> 0.37037037 | G6: =(($C6*$G5^$N$1*$F6^(1-$N$1)*(($N$2*$N$1*$N$4)/(1-$N$2*(1-$N$1))))^$N$4)*($N$5*$G5^(1-$N$4)) -> 0.35472933 | H6: =G7 -> 0.35473624 | I6: =$C6*$G6^$N$1*$F6^(1-$N$1) -> 0.37096865 | J6: =$C6*$G6^$N$1*$F6^(1-$N$1)*((1-$N$2*(1-$N$4*(1-$N$1)))/(1-$N$2*(1-$N$4))) -> 0.35678775 | K6: =$C6*$G6^$N$1*$F6^(1-$N$1)*(($N$2*$N$1*$N$4)/(1-$N$2*(1-$N$1))) -> 0.00043301275 | M6: Rho | N6: 0.95
A7: 5 | B7: 0 | C7: =EXP(D7) -> 1.0164235 | D7: =E6 -> 0.016290125 | E7: =$N$6*D7+B7 -> 0.015475619 | F7: =((1-$N$2*(1-$N$4))*(1-$N$1))/(((1-$N$2*(1-$N$4))*(1-$N$1))*$N$3+(1-$N$2*(1-$N$4))*(1-$N$1)) -> 0.37037037 | G7: =(($C7*$G6^$N$1*$F7^(1-$N$1)*(($N$2*$N$1*$N$4)/(1-$N$2*(1-$N$1))))^$N$4)*($N$5*$G6^(1-$N$4)) -> 0.35473624 | H7: =G8 -> 0.35474279 | I7: =$C7*$G7^$N$1*$F7^(1-$N$1) -> 0.37065333 | J7: =$C7*$G7^$N$1*$F7^(1-$N$1)*((1-$N$2*(1-$N$4*(1-$N$1)))/(1-$N$2*(1-$N$4))) -> 0.35648448 | K7: =$C7*$G7^$N$1*$F7^(1-$N$1)*(($N$2*$N$1*$N$4)/(1-$N$2*(1-$N$1))) -> 0.00043264469
A8: 6 | B8: 0 | C8: =EXP(D8) -> 1.015596 | D8: =E7 -> 0.015475619 | E8: =$N$6*D8+B8 -> 0.014701838 | F8: =((1-$N$2*(1-$N$4))*(1-$N$1))/(((1-$N$2*(1-$N$4))*(1-$N$1))*$N$3+(1-$N$2*(1-$N$4))*(1-$N$1)) -> 0.37037037 | G8: =(($C8*$G7^$N$1*$F8^(1-$N$1)*(($N$2*$N$1*$N$4)/(1-$N$2*(1-$N$1))))^$N$4)*($N$5*$G7^(1-$N$4)) -> 0.35474279 | H8: =G9 -> 0.35474902 | I8: =$C8*$G8^$N$1*$F8^(1-$N$1) -> 0.37035401 | J8: =$C8*$G8^$N$1*$F8^(1-$N$1)*((1-$N$2*(1-$N$4*(1-$N$1)))/(1-$N$2*(1-$N$4))) -> 0.35619661 | K8: =$C8*$G8^$N$1*$F8^(1-$N$1)*(($N$2*$N$1*$N$4)/(1-$N$2*(1-$N$1))) -> 0.00043229532
A9: 7 | B9: 0 | C9: =EXP(D9) -> 1.0148104 | D9: =E8 -> 0.014701838 | E9: =$N$6*D9+B9 -> 0.013966746 | F9: =((1-$N$2*(1-$N$4))*(1-$N$1))/(((1-$N$2*(1-$N$4))*(1-$N$1))*$N$3+(1-$N$2*(1-$N$4))*(1-$N$1)) -> 0.37037037 | G9: =(($C9*$G8^$N$1*$F9^(1-$N$1)*(($N$2*$N$1*$N$4)/(1-$N$2*(1-$N$1))))^$N$4)*($N$5*$G8^(1-$N$4)) -> 0.35474902 | H9: =G10 -> 0.35475492 | I9: =$C9*$G9^$N$1*$F9^(1-$N$1) -> 0.37006989 | J9: =$C9*$G9^$N$1*$F9^(1-$N$1)*((1-$N$2*(1-$N$4*(1-$N$1)))/(1-$N$2*(1-$N$4))) -> 0.35592335 | K9: =$C9*$G9^$N$1*$F9^(1-$N$1)*(($N$2*$N$1*$N$4)/(1-$N$2*(1-$N$1))) -> 0.00043196367
A10: 8 | B10: 0 | C10: =EXP(D10) -> 1.0140647 | D10: =E9 -> 0.013966746 | E10: =$N$6*D10+B10 -> 0.013268409 | F10: =((1-$N$2*(1-$N$4))*(1-$N$1))/(((1-$N$2*(1-$N$4))*(1-$N$1))*$N$3+(1-$N$2*(1-$N$4))*(1-$N$1)) -> 0.37037037 | G10: =(($C10*$G9^$N$1*$F10^(1-$N$1)*(($N$2*$N$1*$N$4)/(1-$N$2*(1-$N$1))))^$N$4)*($N$5*$G9^(1-$N$4)) -> 0.35475492 | H10: =G11 -> 0.35476053 | I10: =$C10*$G10^$N$1*$F10^(1-$N$1) -> 0.36980017 | J10: =$C10*$G10^$N$1*$F10^(1-$N$1)*((1-$N$2*(1-$N$4*(1-$N$1)))/(1-$N$2*(1-$N$4))) -> 0.35566394 | K10: =$C10*$G10^$N$1*$F10^(1-$N$1)*(($N$2*$N$1*$N$4)/(1-$N$2*(1-$N$1))) -> 0.00043164885
A11: 9 | B11: 0 | C11: =EXP(D11) -> 1.0133568 | D11: =E10 -> 0.013268409 | E11: =$N$6*D11+B11 -> 0.012604988 | F11: =((1-$N$2*(1-$N$4))*(1-$N$1))/(((1-$N$2*(1-$N$4))*(1-$N$1))*$N$3+(1-$N$2*(1-$N$4))*(1-$N$1)) -> 0.37037037 | G11: =(($C11*$G10^$N$1*$F11^(1-$N$1)*(($N$2*$N$1*$N$4)/(1-$N$2*(1-$N$1))))^$N$4)*($N$5*$G10^(1-$N$4)) -> 0.35476053 | H11: =G12 -> 0.35476585 | I11: =$C11*$G11^$N$1*$F11^(1-$N$1) -> 0.36954412 | J11: =$C11*$G11^$N$1*$F11^(1-$N$1)*((1-$N$2*(1-$N$4*(1-$N$1)))/(1-$N$2*(1-$N$4))) -> 0.35541768 | K11: =$C11*$G11^$N$1*$F11^(1-$N$1)*(($N$2*$N$1*$N$4)/(1-$N$2*(1-$N$1))) -> 0.00043134997
A12: 10 | B12: 0 | C12: =EXP(D12) -> 1.0126848 | D12: =E11 -> 0.012604988 | E12: =$N$6*D12+B12 -> 0.011974739 | F12: =((1-$N$2*(1-$N$4))*(1-$N$1))/(((1-$N$2*(1-$N$4))*(1-$N$1))*$N$3+(1-$N$2*(1-$N$4))*(1-$N$1)) -> 0.37037037 | G12: =(($C12*$G11^$N$1*$F12^(1-$N$1)*(($N$2*$N$1*$N$4)/(1-$N$2*(1-$N$1))))^$N$4)*($N$5*$G11^(1-$N$4)) -> 0.35476585 | H12: =G13 -> 0.35477089 | I12: =$C12*$G12^$N$1*$F12^(1-$N$1) -> 0.36930103 | J12: =$C12*$G12^$N$1*$F12^(1-$N$1)*((1-$N$2*(1-$N$4*(1-$N$1)))/(1-$N$2*(1-$N$4))) -> 0.35518388 | K12: =$C12*$G12^$N$1*$F12^(1-$N$1)*(($N$2*$N$1*$N$4)/(1-$N$2*(1-$N$1))) -> 0.00043106622
A13: 11 | B13: 0 | C13: =EXP(D13) -> 1.0120467 | D13: =E12 -> 0.011974739 | E13: =$N$6*D13+B13 -> 0.011376002 | F13: =((1-$N$2*(1-$N$4))*(1-$N$1))/(((1-$N$2*(1-$N$4))*(1-$N$1))*$N$3+(1-$N$2*(1-$N$4))*(1-$N$1)) -> 0.37037037 | G13: =(($C13*$G12^$N$1*$F13^(1-$N$1)*(($N$2*$N$1*$N$4)/(1-$N$2*(1-$N$1))))^$N$4)*($N$5*$G12^(1-$N$4)) -> 0.35477089 | H13: =G14 -> 0.35477568 | I13: =$C13*$G13^$N$1*$F13^(1-$N$1) -> 0.36907024 | J13: =$C13*$G13^$N$1*$F13^(1-$N$1)*((1-$N$2*(1-$N$4*(1-$N$1)))/(1-$N$2*(1-$N$4))) -> 0.35496191 | K13: =$C13*$G13^$N$1*$F13^(1-$N$1)*(($N$2*$N$1*$N$4)/(1-$N$2*(1-$N$1))) -> 0.00043079683
A14: 12 | B14: 0 | C14: =EXP(D14) -> 1.011441 | D14: =E13 -> 0.011376002 | E14: =$N$6*D14+B14 -> 0.010807202 | F14: =((1-$N$2*(1-$N$4))*(1-$N$1))/(((1-$N$2*(1-$N$4))*(1-$N$1))*$N$3+(1-$N$2*(1-$N$4))*(1-$N$1)) -> 0.37037037 | G14: =(($C14*$G13^$N$1*$F14^(1-$N$1)*(($N$2*$N$1*$N$4)/(1-$N$2*(1-$N$1))))^$N$4)*($N$5*$G13^(1-$N$4)) -> 0.35477568 | H14: =G15 -> 0.35478022 | I14: =$C14*$G14^$N$1*$F14^(1-$N$1) -> 0.36885112 | J14: =$C14*$G14^$N$1*$F14^(1-$N$1)*((1-$N$2*(1-$N$4*(1-$N$1)))/(1-$N$2*(1-$N$4))) -> 0.35475117 | K14: =$C14*$G14^$N$1*$F14^(1-$N$1)*(($N$2*$N$1*$N$4)/(1-$N$2*(1-$N$1))) -> 0.00043054107
A15: 13 | B15: 0 | C15: =EXP(D15) -> 1.0108658 | D15: =E14 -> 0.010807202 | E15: =$N$6*D15+B15 -> 0.010266842 | F15: =((1-$N$2*(1-$N$4))*(1-$N$1))/(((1-$N$2*(1-$N$4))*(1-$N$1))*$N$3+(1-$N$2*(1-$N$4))*(1-$N$1)) -> 0.37037037 | G15: =(($C15*$G14^$N$1*$F15^(1-$N$1)*(($N$2*$N$1*$N$4)/(1-$N$2*(1-$N$1))))^$N$4)*($N$5*$G14^(1-$N$4)) -> 0.35478022 | H15: =G16 -> 0.35478453 | I15: =$C15*$G15^$N$1*$F15^(1-$N$1) -> 0.36864308 | J15: =$C15*$G15^$N$1*$F15^(1-$N$1)*((1-$N$2*(1-$N$4*(1-$N$1)))/(1-$N$2*(1-$N$4))) -> 0.35455108 | K15: =$C15*$G15^$N$1*$F15^(1-$N$1)*(($N$2*$N$1*$N$4)/(1-$N$2*(1-$N$1))) -> 0.00043029823
A16: 14 | B16: 0 | C16: =EXP(D16) -> 1.0103197 | D16: =E15 -> 0.010266842 | E16: =$N$6*D16+B16 -> 0.0097534996 | F16: =((1-$N$2*(1-$N$4))*(1-$N$1))/(((1-$N$2*(1-$N$4))*(1-$N$1))*$N$3+(1-$N$2*(1-$N$4))*(1-$N$1)) -> 0.37037037 | G16: =(($C16*$G15^$N$1*$F16^(1-$N$1)*(($N$2*$N$1*$N$4)/(1-$N$2*(1-$N$1))))^$N$4)*($N$5*$G15^(1-$N$4)) -> 0.35478453 | H16: =G17 -> 0.35478861 | I16: =$C16*$G16^$N$1*$F16^(1-$N$1) -> 0.36844554 | J16: =$C16*$G16^$N$1*$F16^(1-$N$1)*((1-$N$2*(1-$N$4*(1-$N$1)))/(1-$N$2*(1-$N$4))) -> 0.35436109 | K16: =$C16*$G16^$N$1*$F16^(1-$N$1)*(($N$2*$N$1*$N$4)/(1-$N$2*(1-$N$1))) -> 0.00043006766
A17: 15 | B17: 0 | C17: =EXP(D17) -> 1.0098012 | D17: =E16 -> 0.0097534996 | E17: =$N$6*D17+B17 -> 0.0092658246 | F17: =((1-$N$2*(1-$N$4))*(1-$N$1))/(((1-$N$2*(1-$N$4))*(1-$N$1))*$N$3+(1-$N$2*(1-$N$4))*(1-$N$1)) -> 0.37037037 | G17: =(($C17*$G16^$N$1*$F17^(1-$N$1)*(($N$2*$N$1*$N$4)/(1-$N$2*(1-$N$1))))^$N$4)*($N$5*$G16^(1-$N$4)) -> 0.35478861 | H17: =G18 -> 0.35479249 | I17: =$C17*$G17^$N$1*$F17^(1-$N$1) -> 0.36825798 | J17: =$C17*$G17^$N$1*$F17^(1-$N$1)*((1-$N$2*(1-$N$4*(1-$N$1)))/(1-$N$2*(1-$N$4))) -> 0.3541807 | K17: =$C17*$G17^$N$1*$F17^(1-$N$1)*(($N$2*$N$1*$N$4)/(1-$N$2*(1-$N$1))) -> 0.00042984872
A18: 16 | B18: 0 | C18: =EXP(D18) -> 1.0093089 | D18: =E17 -> 0.0092658246 | E18: =$N$6*D18+B18 -> 0.0088025334 | F18: =((1-$N$2*(1-$N$4))*(1-$N$1))/(((1-$N$2*(1-$N$4))*(1-$N$1))*$N$3+(1-$N$2*(1-$N$4))*(1-$N$1)) -> 0.37037037 | G18: =(($C18*$G17^$N$1*$F18^(1-$N$1)*(($N$2*$N$1*$N$4)/(1-$N$2*(1-$N$1))))^$N$4)*($N$5*$G17^(1-$N$4)) -> 0.35479249 | H18: =G19 -> 0.35479616 | I18: =$C18*$G18^$N$1*$F18^(1-$N$1) -> 0.36807988 | J18: =$C18*$G18^$N$1*$F18^(1-$N$1)*((1-$N$2*(1-$N$4*(1-$N$1)))/(1-$N$2*(1-$N$4))) -> 0.35400941 | K18: =$C18*$G18^$N$1*$F18^(1-$N$1)*(($N$2*$N$1*$N$4)/(1-$N$2*(1-$N$1))) -> 0.00042964084
... A201: 199 | B201: 0 | C201: =EXP(D201) -> 1.0000008 | D201: =E200 -> 7.7679039e-07 | E201: =$N$6*D201+B201 -> 7.3795087e-07 | F201: =((1-$N$2*(1-$N$4))*(1-$N$1))/(((1-$N$2*(1-$N$4))*(1-$N$1))*$N$3+(1-$N$2*(1-$N$4))*(1-$N$1)) -> 0.37037037 | G201: =(($C201*$G200^$N$1*$F201^(1-$N$1)*(($N$2*$N$1*$N$4)/(1-$N$2*(1-$N$1))))^$N$4)*($N$5*$G200^(1-$N$4)) -> 0.3548462 | H201: =G202 -> 0.35484609 | I201: =$C201*$G201^$N$1*$F201^(1-$N$1) -> 0.36470523 | J201: =$C201*$G201^$N$1*$F201^(1-$N$1)*((1-$N$2*(1-$N$4*(1-$N$1)))/(1-$N$2*(1-$N$4))) -> 0.35076376 | K201: =$C201*$G201^$N$1*$F201^(1-$N$1)*(($N$2*$N$1*$N$4)/(1-$N$2*(1-$N$1))) -> 0.00042570178
A202: 200 | B202: 0 | C202: =EXP(D202) -> 1.0000007 | D202: =E201 -> 7.3795087e-07 | E202: =$N$6*D202+B202 -> 7.0105332e-07 | F202: =((1-$N$2*(1-$N$4))*(1-$N$1))/(((1-$N$2*(1-$N$4))*(1-$N$1))*$N$3+(1-$N$2*(1-$N$4))*(1-$N$1)) -> 0.37037037 | G202: =(($C202*$G201^$N$1*$F202^(1-$N$1)*(($N$2*$N$1*$N$4)/(1-$N$2*(1-$N$1))))^$N$4)*($N$5*$G201^(1-$N$4)) -> 0.35484609 | I202: =$C202*$G202^$N$1*$F202^(1-$N$1) -> 0.36470517 | J202: =$C202*$G202^$N$1*$F202^(1-$N$1)*((1-$N$2*(1-$N$4*(1-$N$1)))/(1-$N$2*(1-$N$4))) -> 0.3507637 | K202: =$C202*$G202^$N$1*$F202^(1-$N$1)*(($N$2*$N$1*$N$4)/(1-$N$2*(1-$N$1))) -> 0.00042570171

Sheet Ejercicio 1.e (4)
A1: t | B1: L_t | C1: L_EEN | D1: K_t | E1: K_EEN | F1: Y_EEN | G1: Y_t | H1: C_t | I1: C_EEN | J1: I_t | K1: I_EEN
A2: 0 | B2: ='Ejercicio 1.e (3)'!F2 -> 0.37037037 | C2: =$B$2 -> 0.37037037 | D2: ='Ejercicio 1.e (3)'!G2 -> 0.35469778 | E2: =$D$2 -> 0.35469778 | F2: =$G$2 -> 0.36465002 | G2: ='Ejercicio 1.e (3)'!I2 -> 0.36465002 | H2: ='Ejercicio 1.e (3)'!J2 -> 0.35071066 | I2: =$H$2 -> 0.35071066 | J2: ='Ejercicio 1.e (3)'!K2 -> 0.00042563734 | K2: =$J$2 -> 0.00042563734
A3: 1 | B3: ='Ejercicio 1.e (3)'!F3 -> 0.37037037 | C3: =$B$2 -> 0.37037037 | D3: ='Ejercicio 1.e (3)'!G3 -> 0.35470629 | E3: =$D$2 -> 0.35469778 | F3: =$G$2 -> 0.36465002 | G3: ='Ejercicio 1.e (3)'!I3 -> 0.37201965 | H3: ='Ejercicio 1.e (3)'!J3 -> 0.35779858 | I3: =$H$2 -> 0.35071066 | J3: ='Ejercicio 1.e (3)'!K3 -> 0.00043423953 | K3: =$J$2 -> 0.00042563734
A4: 2 | B4: ='Ejercicio 1.e (3)'!F4 -> 0.37037037 | C4: =$B$2 -> 0.37037037 | D4: ='Ejercicio 1.e (3)'!G4 -> 0.35471437 | E4: =$D$2 -> 0.35469778 | F4: =$G$2 -> 0.36465002 | G4: ='Ejercicio 1.e (3)'!I4 -> 0.37165087 | H4: ='Ejercicio 1.e (3)'!J4 -> 0.35744389 | I4: =$H$2 -> 0.35071066 | J4: ='Ejercicio 1.e (3)'!K4 -> 0.00043380907 | K4: =$J$2 -> 0.00042563734
A5: 3 | B5: ='Ejercicio 1.e (3)'!F5 -> 0.37037037 | C5: =$B$2 -> 0.37037037 | D5: ='Ejercicio 1.e (3)'!G5 -> 0.35472204 | E5: =$D$2 -> 0.35469778 | F5: =$G$2 -> 0.36465002 | G5: ='Ejercicio 1.e (3)'!I5 -> 0.37130086 | H5: ='Ejercicio 1.e (3)'!J5 -> 0.35710726 | I5: =$H$2 -> 0.35071066 | J5: ='Ejercicio 1.e (3)'!K5 -> 0.00043340052 | K5: =$J$2 -> 0.00042563734
A6: 4 | B6: ='Ejercicio 1.e (3)'!F6 -> 0.37037037 | C6: =$B$2 -> 0.37037037 | D6: ='Ejercicio 1.e (3)'!G6 -> 0.35472933 | E6: =$D$2 -> 0.35469778 | F6: =$G$2 -> 0.36465002 | G6: ='Ejercicio 1.e (3)'!I6 -> 0.37096865 | H6: ='Ejercicio 1.e (3)'!J6 -> 0.35678775 | I6: =$H$2 -> 0.35071066 | J6: ='Ejercicio 1.e (3)'!K6 -> 0.00043301275 | K6: =$J$2 -> 0.00042563734
A7: 5 | B7: ='Ejercicio 1.e (3)'!F7 -> 0.37037037 | C7: =$B$2 -> 0.37037037 | D7: ='Ejercicio 1.e (3)'!G7 -> 0.35473624 | E7: =$D$2 -> 0.35469778 | F7: =$G$2 -> 0.36465002 | G7: ='Ejercicio 1.e (3)'!I7 -> 0.37065333 | H7: ='Ejercicio 1.e (3)'!J7 -> 0.35648448 | I7: =$H$2 -> 0.35071066 | J7: ='Ejercicio 1.e (3)'!K7 -> 0.00043264469 | K7: =$J$2 -> 0.00042563734
A8: 6 | B8: ='Ejercicio 1.e (3)'!F8 -> 0.37037037 | C8: =$B$2 -> 0.37037037 | D8: ='Ejercicio 1.e (3)'!G8 -> 0.35474279 | E8: =$D$2 -> 0.35469778 | F8: =$G$2 -> 0.36465002 | G8: ='Ejercicio 1.e (3)'!I8 -> 0.37035401 | H8: ='Ejercicio 1.e (3)'!J8 -> 0.35619661 | I8: =$H$2 -> 0.35071066 | J8: ='Ejercicio 1.e (3)'!K8 -> 0.00043229532 | K8: =$J$2 -> 0.00042563734
A9: 7 | B9: ='Ejercicio 1.e (3)'!F9 -> 0.37037037 | C9: =$B$2 -> 0.37037037 | D9: ='Ejercicio 1.e (3)'!G9 -> 0.35474902 | E9: =$D$2 -> 0.35469778 | F9: =$G$2 -> 0.36465002 | G9: ='Ejercicio 1.e (3)'!I9 -> 0.37006989 | H9: ='Ejercicio 1.e (3)'!J9 -> 0.35592335 | I9: =$H$2 -> 0.35071066 | J9: ='Ejercicio 1.e (3)'!K9 -> 0.00043196367 | K9: =$J$2 -> 0.00042563734
A10: 8 | B10: ='Ejercicio 1.e (3)'!F10 -> 0.37037037 | C10: =$B$2 -> 0.37037037 | D10: ='Ejercicio 1.e (3)'!G10 -> 0.35475492 | E10: =$D$2 -> 0.35469778 | F10: =$G$2 -> 0.36465002 | G10: ='Ejercicio 1.e (3)'!I10 -> 0.36980017 | H10: ='Ejercicio 1.e (3)'!J10 -> 0.35566394 | I10: =$H$2 -> 0.35071066 | J10: ='Ejercicio 1.e (3)'!K10 -> 0.00043164885 | K10: =$J$2 -> 0.00042563734
A11: 9 | B11: ='Ejercicio 1.e (3)'!F11 -> 0.37037037 | C11: =$B$2 -> 0.37037037 | D11: ='Ejercicio 1.e (3)'!G11 -> 0.35476053 | E11: =$D$2 -> 0.35469778 | F11: =$G$2 -> 0.36465002 | G11: ='Ejercicio 1.e (3)'!I11 -> 0.36954412 | H11: ='Ejercicio 1.e (3)'!J11 -> 0.35541768 | I11: =$H$2 -> 0.35071066 | J11: ='Ejercicio 1.e (3)'!K11 -> 0.00043134997 | K11: =$J$2 -> 0.00042563734
A12: 10 | B12: ='Ejercicio 1.e (3)'!F12 -> 0.37037037 | C12: =$B$2 -> 0.37037037 | D12: ='Ejercicio 1.e (3)'!G12 -> 0.35476585 | E12: =$D$2 -> 0.35469778 | F12: =$G$2 -> 0.36465002 | G12: ='Ejercicio 1.e (3)'!I12 -> 0.36930103 | H12: ='Ejercicio 1.e (3)'!J12 -> 0.35518388 | I12: =$H$2 -> 0.35071066 | J12: ='Ejercicio 1.e (3)'!K12 -> 0.00043106622 | K12: =$J$2 -> 0.00042563734
A13: 11 | B13: ='Ejercicio 1.e (3)'!F13 -> 0.37037037 | C13: =$B$2 -> 0.37037037 | D13: ='Ejercicio 1.e (3)'!G13 -> 0.35477089 | E13: =$D$2 -> 0.35469778 | F13: =$G$2 -> 0.36465002 | G13: ='Ejercicio 1.e (3)'!I13 -> 0.36907024 | H13: ='Ejercicio 1.e (3)'!J13 -> 0.35496191 | I13: =$H$2 -> 0.35071066 | J13: ='Ejercicio 1.e (3)'!K13 -> 0.00043079683 | K13: =$J$2 -> 0.00042563734
... A202: 200 | B202: ='Ejercicio 1.e (3)'!F202 -> 0.37037037 | C202: =$B$2 -> 0.37037037 | D202: ='Ejercicio 1.e (3)'!G202 -> 0.35484609 | E202: =$D$2 -> 0.35469778 | F202: =$G$2 -> 0.36465002 | G202: ='Ejercicio 1.e (3)'!I202 -> 0.36470517 | H202: ='Ejercicio 1.e (3)'!J202 -> 0.3507637 | I202: =$H$2 -> 0.35071066 | J202: ='Ejercicio 1.e (3)'!K202 -> 0.00042570171 | K202: =$J$2 -> 0.00042563734
